net,length_um
net9,926.04
net394,916.2
net233,874.69
_08749_,867.98
net201,855.56
net50,852.08
net328,841.34
net358,839.66
net430,835.62
net199,831.16
net205,826.5
net390,822.465
net6,821.17
net173,815.78
net259,809.18
net294,804.68
net122,801.86
net505,794.36
net158,785.46
net296,782.8
net471,771.38
net469,769.53
net389,758.44
net375,755.86
net106,754.07
net237,753
net397,747.46
net401,741.46
net196,738.06
net497,734.32
net265,732.6
net131,730.8
net123,729.18
net251,721.645
net326,721.01
net3,720.77
clknet_0_clk,719.86
net476,719.42
net69,718.28
net413,717.43
net532,715.12
net243,714.79
net70,713.28
net299,710.92
net482,709.4
net496,708.88
net407,705.44
net428,704.96
net18,703.76
net154,699.1
net412,697.39
net254,694.8
net12,683.96
net417,677.74
net472,677.4
net15,677.27
net148,676.42
net101,673.9
net485,672.78
net438,670.76
net322,669.68
net399,667.59
net406,666.78
net14,663.4
net20,659.28
net366,658.6
net426,658.14
net58,654.5
net129,646.86
net179,646.76
net117,646.58
net418,646.48
net239,644.88
net261,644.4
net272,644.14
net333,642.52
net531,642.4
net13,639.92
net45,635.78
net510,633.94
net436,633.47
_01749_,628.86
net520,628.64
net451,627.3
net165,627.02
net355,622.6
net330,620.18
net372,619.96
net303,618.84
_02116_,617.91
net225,615.75
net64,613.98
net494,613.68
net248,613.2
net512,611.44
net528,611.22
net169,610.08
net308,608.7
net518,607.32
net137,606.98
_01936_,604.71
net197,604.56
net387,604
net464,603.06
net27,602.66
net525,596.42
net61,595.57
net449,591.24
net187,590.62
net368,588.915
net7,587.235
net282,586.42
net93,585.63
net493,585.2
net60,584.58
net217,580.16
net111,577.15
net121,577.14
net54,574.23
net33,573.28
net311,572.7
net500,572.26
clk,572.2
net104,571
net316,559.46
net378,558.64
net415,557.41
net28,556.36
net138,554.76
net475,554.36
net357,553.8
net289,553.74
net150,553.59
net455,550.18
net421,549.1
net163,549.02
net521,548.61
net68,548.1
net321,545.98
net484,544.8
net4,544.7
net8,544.3
net349,543.28
net125,539.46
net172,539.38
net481,539.3
net232,538.28
net458,537.96
net409,534.98
net441,534.29
net227,533.88
net442,531.58
_02127_,530.99
net286,530.58
net128,530
net530,529.98
net258,528.92
_02159_,527.53
net184,526.6
net439,526.36
net454,524.5
net90,523.06
net337,519.97
net79,519.65
net226,519.49
net456,519.06
net195,516.4
net164,515.18
net65,515.04
net459,513.19
net24,512.86
net149,512.28
net345,511.78
net144,506.89
_03571_,506.74
net364,506.18
net444,504.39
net431,504.34
net127,501.98
net133,500.86
net91,500.6
net388,500.18
net293,500.06
net506,498.1
net566,496.43
net270,494.44
net189,494.18
net380,490.88
net274,490.69
net453,489.3
net31,486.78
net425,484.2
net522,483.815
net324,482.6
net515,482.58
net85,481.08
net167,479.53
net385,477.69
net55,477.36
net332,477.24
net391,477.04
net533,476.62
net11,475.98
net109,475.46
net146,475.3
net377,475.12
net29,474.94
net273,473.91
net343,473.46
net374,469.715
net463,468.66
net209,466.54
net222,466.14
net21,464.78
net16,463.54
net220,462.88
net17,462.48
net52,462.22
net170,460.08
net204,459.92
net461,459.76
net116,458.56
net193,458.38
net526,457.26
net400,456.94
_01758_,455.2
net26,454.66
net320,453.58
net23,452.92
_02110_,452.09
net190,450.82
net516,450.48
net37,449.44
net35,449.25
net247,449.08
net145,448.68
net207,447.76
_02119_,447.65
net171,447.24
net213,446.68
net186,446.52
net44,445.2
net479,445.14
_02134_,444.54
net450,444.04
net177,443.94
net192,443.78
net319,443.32
net132,442.84
net267,442.12
net432,442.02
net305,440.8
net124,435.36
net335,434.7
net280,433.66
_02128_,433.45
net346,433.25
net411,432.66
net99,431.58
net504,431.32
net161,429.4
net223,429.3
_02129_,428.46
net344,428
net307,426.8
net38,426.42
net410,426.26
net96,425.38
net266,424.62
net313,423.68
net317,423.64
net77,421.42
net310,420.26
net465,418.85
net443,417.785
net5,416.38
net352,416.36
net362,415.74
net304,413.88
_02137_,413.77
net356,413.72
net440,412.64
net392,412.02
_02148_,411.87
net97,411.7
net174,411.6
net269,411.02
net376,410.58
net66,410.4
net80,408.88
_02138_,406.94
net309,405.52
net285,405.1
net419,405.08
net34,404
net22,403.17
net59,401.5
net434,401.26
net143,400.82
clknet_4_4__leaf_clk,400.53
net198,397.86
net25,397.55
net278,395.525
net249,394.68
net264,394.28
net136,393
net88,392.62
net182,392.32
net236,392.22
net340,391.75
net53,390.14
net41,389.02
clknet_4_3__leaf_clk,387.54
_05155_,386.97
net176,386.835
net108,386.77
clknet_4_15__leaf_clk,386.43
net279,385.8
net49,385.72
net547,385.2
net297,384.98
net245,383.64
net208,383.44
net283,381.9
net36,381.8
net470,379.58
_02102_,379.08
net240,375.44
net524,374.6
_00829_,374.49
_06745_,373.045
net126,372.78
net183,372.46
net48,369.92
net216,369.76
net561,369.71
net342,368
net244,367.82
net139,367.66
net474,366.98
net89,366.02
net288,365.4
net166,364.8
_02179_,362.34
net112,361.82
net57,361.24
net135,360.08
net1,358.56
net153,358
net448,357.32
_02149_,357.02
net62,355.74
net351,354.36
net242,353.38
net301,352.25
net354,351.64
net56,351.61
net513,351.46
net483,350.91
net347,350.135
net215,349.98
clknet_4_7__leaf_clk,349.3
net46,349.28
net218,346.58
net118,345.32
clknet_4_2__leaf_clk,343.83
net81,343.66
net76,343.44
net336,343.38
_02173_,342
net82,340.6
net103,340.44
_02113_,338.54
net83,336.32
net107,335.27
net519,335.18
net94,334.72
net359,334.66
clknet_4_12__leaf_clk,333.42
net92,333.28
net156,332.86
_00579_,331.8
net67,331.48
net371,330.48
_02180_,329.39
clknet_4_5__leaf_clk,329.34
net339,329.08
net445,326.72
net467,326.24
net152,322.68
net462,322.44
clknet_4_13__leaf_clk,320.78
net221,320.6
clknet_4_1__leaf_clk,318.27
clknet_4_11__leaf_clk,317.33
net457,317.26
net495,316.86
net246,316.615
net437,314.74
net212,314.3
net102,312.4
net348,310.3
net114,310.16
net367,308.62
net460,308.6
net452,308.12
net229,307.49
net262,306.86
net100,305.7
clknet_2_1_0_clk,304.7
_03956_,303.42
_02132_,303.3
net373,302.66
clknet_2_3_0_clk,302.35
_07142_,301.24
_08751_,301.24
net490,300.82
net291,299.33
net2,297.94
_08735_,297.66
net306,296.675
net466,295.52
net162,295.18
net228,294.94
net224,294.14
net281,293.8
net260,293.04
_01789_,290.49
net507,289.7
net350,289.16
net74,287.8
net268,287.4
net295,286.98
net47,286.58
net562,285.65
net110,285.42
net30,284.41
_01791_,283.86
net19,283.62
_01793_,282.9
net555,282.71
net480,282.33
net499,282.26
net95,282.18
net315,281.84
net341,281.6
net338,281.46
net501,280.86
net130,280.74
net478,280.62
net447,279.48
net318,279.02
clknet_2_0_0_clk,278.47
_01753_,277.36
_01797_,275.38
clknet_2_2_0_clk,275.21
net395,273.58
net87,270.94
clknet_4_0__leaf_clk,270.89
net210,270.34
_03960_,269.82
net491,269.44
net98,269.2
_02239_,268.33
net203,267.38
net325,266.6
net219,266.14
_02166_,266.1
net416,266.02
clknet_4_10__leaf_clk,265.86
net63,264.8
net84,264.8
net255,264.52
arr.b23\[7\],263.76
_03961_,263.66
_02160_,263.27
_01795_,261.94
net423,261.91
net402,260.48
net250,260.16
net231,259.18
arr.b23\[1\],258.5
_01785_,258.4
net370,258.14
arr.b01\[0\],257.44
net284,257.04
clknet_4_14__leaf_clk,256.91
net369,256.28
net73,255.52
net206,254.66
net275,254.62
net292,254.02
net360,253.86
arr.b23\[6\],253.17
_01765_,252.81
net396,252.23
_02201_,251.64
net329,251.64
arr.b23\[2\],251.22
arr.b01\[7\],250.08
arr.b11\[2\],249.58
net151,249.36
arr.b23\[5\],249.16
_05933_,248.18
net517,247.14
clknet_4_8__leaf_clk,246.83
_02174_,246.23
_02089_,246.22
net503,245.16
clknet_4_6__leaf_clk,244.16
net105,242.42
net433,240.7
net188,240.18
_08750_,240.02
net175,239.62
net435,238.82
net314,238.7
net468,238.06
net147,237.38
net511,235.84
_02268_,235.25
_01771_,234.84
arr.a20\[5\],233.12
net257,233.1
_01773_,232.16
net51,232
_01778_,231.06
net194,230.6
net298,230.56
net379,230.36
net300,230.34
net536,230.2
arr.b00\[7\],229.92
_05937_,229.19
_02157_,227.02
_01763_,226.78
arr.a10\[3\],226.68
net32,225.9
net271,224.08
net331,223.74
net527,223.62
net405,223.455
_02778_,223.12
net414,222.54
net508,220.85
clknet_4_9__leaf_clk,220.24
arr.b00\[6\],219.56
arr.b01\[2\],219.42
_01769_,219.16
net159,219.14
net263,219.06
_02106_,219.02
_02153_,218.95
_01850_,217.74
net546,216.92
_01940_,216.165
_02170_,214.8
_02112_,214.34
arr.b01\[6\],213.72
_02258_,213.46
net535,212.11
_01767_,211.97
_02163_,211.9
arr.b23\[4\],210.46
net529,209.94
_02140_,209.18
arr.a20\[4\],209.06
_02168_,208.55
arr.a11\[1\],207.94
arr.a10\[7\],206.46
net214,205.98
_01420_,205.6
arr.a11\[6\],205.42
arr.a10\[6\],204.24
arr.a10\[0\],204.235
arr.a20\[6\],204.18
net327,203.74
net42,203.58
_02176_,203.06
arr.b23\[3\],202.62
net523,201.36
_02151_,201.135
arr.a20\[2\],200.38
arr.a10\[2\],200.14
arr.b00\[5\],199.3
_02320_,198.98
_01787_,198.89
arr.a11\[7\],198.46
arr.b00\[2\],198.42
_01939_,198.38
arr.a10\[4\],198.3
arr.a10\[5\],197.84
net115,197.54
arr.b12\[6\],197.07
net277,197
net241,196.94
_02278_,196.93
net365,196.86
arr.a11\[4\],196.01
arr.a11\[2\],194.42
arr.a20\[7\],194.14
net486,193.91
net473,192.82
_02315_,192.7
_01821_,192.18
net312,192.02
arr.b12\[2\],191.46
arr.a10\[1\],191.32
arr.a11\[3\],191.18
_02122_,190.52
_02123_,190.12
net353,188.48
arr.a20\[3\],187.99
arr.a3\[2\],187.78
net403,187.44
arr.a11\[0\],186.52
arr.b02\[2\],185.62
net113,184.86
net86,184.58
net168,184.4
net140,183.6
arr.b23\[0\],182.91
arr.a11\[5\],182.56
_01937_,182.455
arr.a20\[1\],182.44
_07941_,182.24
net253,181.3
_02156_,181.14
net429,181.08
_02108_,180.57
net160,179.16
net185,179.08
net502,179.02
arr.a01\[5\],177.15
net488,176.22
_02164_,175.955
_08338_,175.34
_02115_,174.88
arr.b11\[0\],174.87
arr.b01\[4\],174.32
arr.b00\[3\],173.66
_02105_,173.49
_02252_,173.38
arr.b0\[0\],173
arr.b01\[3\],172.98
net72,171
arr.b3\[7\],170.2
net492,170.02
net422,169.48
_01759_,169.26
arr.b01\[5\],169.2
net498,168.67
arr.a01\[6\],168.56
_02154_,167.275
arr.a3\[4\],167.17
_02100_,166.7
net211,166.66
net302,166.46
net323,166.18
arr.b10\[6\],165.96
arr.b02\[0\],165.945
arr.b12\[7\],165.94
arr.a3\[0\],165.08
arr.a01\[1\],164.94
_02143_,164.12
net191,163.86
arr.b01\[1\],163.595
_01975_,163
arr.b02\[1\],162.595
arr.a00\[2\],162.56
_02162_,162.32
_02124_,162.26
arr.b12\[4\],162.09
net78,161.26
net489,161.14
_02104_,161.08
arr.a20\[0\],160.93
_02283_,160.87
arr.a30\[6\],160.815
arr.a01\[7\],160.805
_02359_,160.31
arr.a00\[0\],159.315
_02121_,159.22
arr.a3\[5\],158.985
_02135_,158.84
net553,158.79
arr.a01\[4\],158.34
arr.b12\[0\],157.45
_02145_,157.42
arr.a01\[0\],156.6
_02184_,156.49
_02146_,156.26
_01748_,156.2
net477,155.94
net514,155.68
arr.a30\[0\],155.19
net181,155.13
arr.b03\[6\],154.54
_02120_,154.21
_02183_,153.84
net119,153.74
arr.b12\[1\],153.58
arr.b3\[6\],153.46
arr.b10\[7\],153.14
_02126_,153
_02317_,152.78
arr.b12\[3\],152.54
arr.a21\[1\],152.1
net398,152
net157,151.8
net446,151.66
_05528_,151.31
arr.b0\[3\],150.55
clknet_leaf_23_clk,149.88
_01775_,149.28
_01831_,148.125
_02118_,147.06
arr.a3\[3\],146.52
_04389_,146.5
_04815_,146.245
net10,145.77
net386,145.74
arr.a30\[7\],145.62
_05193_,145.315
net420,143.96
arr.b00\[4\],143.88
net290,143.77
_02080_,143.42
arr.b0\[2\],142.97
_06348_,142.64
_02167_,142.435
_04776_,142.41
_02130_,142.3
_02281_,142.01
_02280_,141.91
arr.b00\[1\],141.5
_02109_,140.6
_03609_,140.425
_07518_,139.64
_02364_,139.38
_02107_,139.37
_01984_,138.86
_02136_,138.54
net252,138.28
net75,137.98
_01994_,137.88
arr.b03\[7\],137.36
net382,136.98
_02152_,136.73
_02125_,136.42
arr.a00\[3\],136.42
clknet_leaf_132_clk,136.42
arr.a00\[1\],136.32
_02091_,136.24
net550,135.65
_02234_,135.64
_02131_,135.56
arr.b02\[7\],135.42
arr.b1\[6\],135.4
arr.a00\[6\],135.06
net564,134.84
_02200_,134.48
_07656_,134.385
net408,134.16
_02232_,133.98
net200,133.86
net383,133.5
_02142_,133.48
_01800_,133.46
arr.b0\[1\],133.375
_02362_,133.28
arr.a3\[6\],133.1
arr.b13\[3\],132.95
net487,132.82
clknet_leaf_136_clk,132.48
_02114_,132.46
arr.b1\[3\],132.12
_02366_,131.96
arr.b1\[7\],131.8
net180,131.8
_02255_,131.54
arr.b03\[5\],131.46
_04772_,131.26
clknet_leaf_131_clk,131.1
arr.a21\[3\],130.86
arr.a00\[4\],130.72
_07524_,130.44
_02394_,130.29
_04028_,130.1
net1272,129.7
_07528_,129.02
arr.b13\[2\],128.99
_08353_,128.88
_05212_,128.875
arr.a21\[0\],128.63
_02361_,127.93
_07601_,127.795
_06785_,127.46
clknet_leaf_10_clk,126.81
arr.b22\[2\],126.78
arr.b12\[5\],126.7
_02314_,126.52
arr.b2\[7\],126.46
arr.b13\[6\],126.4
_02421_,126.14
arr.a21\[2\],126.02
arr.b10\[2\],125.95
clknet_leaf_135_clk,125.62
_08053_,125.205
_05967_,125.2
_02003_,125.17
clknet_leaf_100_clk,125.12
arr.a01\[2\],124.8
arr.b02\[5\],124.725
net134,124.72
arr.a02\[0\],124.2
arr.b3\[1\],123.98
_02171_,123.96
arr.a2\[7\],123.96
clknet_leaf_6_clk,123.94
arr.b0\[5\],123.44
arr.b0\[6\],123.24
net540,123.23
arr.a0\[7\],123.12
_02141_,123.05
_06537_,122.78
net404,122.78
_04748_,122.68
_05217_,122.56
_07204_,122.53
_08450_,122.515
clknet_leaf_25_clk,122.38
_02293_,122.22
arr.a3\[7\],122.01
_04947_,121.68
_02256_,121.5
arr.a3\[1\],120.62
clknet_leaf_92_clk,120.22
_02155_,120.06
arr.b13\[5\],120.06
arr.b0\[4\],120.01
net234,119.98
arr.a21\[4\],119.86
_02133_,119.755
arr.b02\[4\],119.68
clknet_leaf_148_clk,119.64
_02061_,119.6
_02165_,119.54
_05267_,119.395
clknet_leaf_58_clk,119.38
arr.b2\[1\],119.26
_04004_,119.205
net238,119.18
_04870_,118.755
_03189_,118.75
_07981_,118.7
arr.a30\[1\],118.62
arr.b02\[6\],118.32
_08378_,117.85
_05173_,117.49
net361,117.46
clknet_leaf_139_clk,117.46
arr.b1\[5\],117.44
_02101_,117.38
_05567_,117.25
_05535_,117.24
arr.b10\[5\],117.18
net141,116.9
net276,116.82
_01964_,116.7
_05971_,116.695
_03628_,116.48
arr.b21\[2\],116.395
_02817_,116.38
_01754_,116.36
clknet_leaf_5_clk,116.28
clknet_leaf_113_clk,115.98
arr.a0\[4\],115.91
net539,115.74
_06807_,115.64
_08364_,115.26
net120,115.12
net427,114.9
_06386_,114.635
arr.b03\[2\],114.56
_02795_,114.37
_07653_,114.14
clknet_leaf_26_clk,113.92
_03586_,113.78
net563,113.78
_05172_,113.365
arr.a2\[0\],113.2
_02898_,113.035
_04475_,112.985
_04363_,112.98
arr.b11\[1\],112.94
arr.b3\[4\],112.94
net702,112.925
_07958_,112.86
_04867_,112.73
_02337_,112.68
_06374_,112.63
arr.b1\[4\],112.6
_05538_,112.58
_02803_,112.46
_03174_,112.02
_08395_,112
_02834_,111.995
arr.b13\[7\],111.76
net287,111.58
_08130_,111.34
_05344_,111.16
_04796_,111.06
clknet_leaf_27_clk,111.06
_08400_,111.02
clknet_leaf_138_clk,111.02
_01869_,110.96
arr.b2\[2\],110.95
_07956_,110.8
_02493_,110.79
arr.b02\[3\],110.54
arr.b3\[2\],110.44
_04753_,110.43
_01954_,110.42
_04752_,110.4
arr.b13\[4\],110.23
_08376_,110.17
_01811_,110.14
_05195_,110.08
net155,110
_01756_,109.42
_05569_,109.41
_03588_,109.28
clknet_leaf_125_clk,109.02
arr.b2\[0\],108.81
clknet_leaf_130_clk,108.705
_06366_,108.69
_01761_,108.68
net424,108.39
_05979_,108.36
arr.a01\[3\],108.34
arr.a0\[5\],108.16
_01888_,108.08
_07168_,107.17
_01783_,107.02
clknet_leaf_134_clk,106.93
_06010_,106.915
_05756_,106.615
_06783_,106.56
_07570_,106.47
clknet_leaf_87_clk,106.37
arr.a31\[1\],106.22
clknet_leaf_111_clk,106.22
_02319_,105.99
arr.b11\[7\],105.82
_03984_,105.6
arr.b11\[6\],105.44
_05590_,105.38
clknet_leaf_60_clk,105.22
_08355_,105.04
_02336_,104.92
_02570_,104.7
clknet_leaf_76_clk,104.66
_07733_,104.62
net393,104.455
_03633_,104.44
_02397_,104.22
_08527_,104.22
_02886_,104.12
_02139_,104.045
clknet_leaf_33_clk,103.9
_05661_,103.8
_02791_,103.67
_06762_,103.495
_06460_,103.165
_04472_,102.69
net567,102.61
_08050_,102.6
arr.b2\[6\],102.47
_02237_,102.31
_08342_,102.12
_05276_,102.1
_04006_,101.86
clknet_leaf_35_clk,101.74
clknet_leaf_0_clk,101.72
_04403_,101.68
_07561_,101.66
clknet_leaf_84_clk,101.35
clknet_leaf_149_clk,101.34
arr.a31\[5\],101.1
net178,100.86
net534,100.855
_02815_,100.73
_01755_,100.66
arr.b20\[2\],100.64
_05592_,100.54
_07562_,100.39
_03992_,100.335
arr.a2\[6\],100.26
clknet_leaf_88_clk,100.18
_02839_,100.08
_06015_,100.02
_07182_,99.95
arr.b3\[3\],99.94
_08447_,99.93
_06802_,99.84
arr.b3\[5\],99.8
arr.a02\[1\],99.78
arr.a02\[2\],99.78
_05614_,99.66
_02339_,99.62
_05264_,99.62
_08356_,99.62
_06469_,99.585
_02443_,99.4
arr.a2\[5\],99.28
_04420_,98.595
_06405_,98.45
arr.b1\[2\],98.26
_02341_,97.9
_02103_,97.88
arr.a1\[4\],97.28
_05578_,97.25
arr.a31\[2\],97.06
_07967_,97.055
_04425_,97.02
clknet_leaf_102_clk,96.89
arr.b21\[7\],96.64
net709,96.64
_02313_,96.6
arr.b2\[5\],96.54
_01942_,96.52
_01859_,96.3
net142,96.1
_06457_,95.58
_03236_,95.3
_06062_,95.24
_07582_,95.24
_01777_,95.16
_07584_,95.13
clknet_leaf_79_clk,95.1
_07253_,95.045
arr.b2\[3\],94.82
arr.b3\[0\],94.76
_08352_,94.62
net552,94.62
_05609_,94.605
_06763_,94.59
_02502_,94.455
arr.b20\[1\],94.41
arr.b20\[6\],94.41
arr.a2\[1\],94.38
_02406_,94.34
net334,94.22
_02041_,94.16
arr.a0\[6\],94.15
arr.a1\[6\],93.95
_06065_,93.875
_02889_,93.815
net760,93.74
_02032_,93.59
_07998_,93.565
_05991_,93.38
net732,93.38
arr.b21\[6\],93.32
_04078_,92.62
_03597_,92.56
arr.a31\[0\],92.32
clknet_leaf_128_clk,92.3
clknet_leaf_152_clk,92.26
clknet_leaf_24_clk,92.235
arr.a1\[0\],92.16
_07263_,92.155
_05181_,91.98
_03212_,91.94
clknet_leaf_61_clk,91.92
arr.b22\[6\],91.845
clknet_leaf_1_clk,91.72
_02437_,91.7
clknet_leaf_110_clk,91.64
_04381_,91.56
_04552_,91.55
clknet_leaf_127_clk,91.52
_07251_,91.5
_02231_,91.38
_04773_,91.34
_02111_,91.26
clknet_leaf_34_clk,91
net690,90.86
_07157_,90.71
clknet_leaf_98_clk,90.575
clknet_leaf_39_clk,90.54
_02177_,90.24
_04087_,90.05
clknet_leaf_80_clk,89.94
_04023_,89.835
_06410_,89.81
_05673_,89.795
_02161_,89.66
net795,89.64
net838,89.56
_06362_,89.515
clknet_leaf_31_clk,89.34
_03191_,89.32
_07199_,89.31
_02147_,89.04
_03283_,89.02
_03980_,88.895
arr.b03\[4\],88.89
net955,88.88
_02490_,88.84
arr.b0\[7\],88.76
net768,88.52
_05993_,88.495
_02966_,88.47
net766,88.4
net735,88.3
arr.a1\[1\],88.05
net39,87.98
clknet_leaf_112_clk,87.86
arr.a00\[5\],87.78
net819,87.7
_07606_,87.67
net742,87.6
_02169_,87.49
_04377_,87.485
_05663_,87.35
_02158_,87.28
_03286_,87.24
arr.a0\[0\],87.08
net714,87.02
_07180_,86.715
net750,86.68
_06854_,86.64
arr.b20\[0\],86.48
_06934_,86.42
arr.a31\[4\],86.4
clknet_leaf_30_clk,86.34
_03981_,86.305
_02022_,86.12
arr.a02\[4\],86.07
_03760_,85.955
_02230_,85.845
net43,85.82
net509,85.6
_08459_,85.595
_05169_,85.49
_06363_,85.49
_01840_,85.46
_04378_,85.42
clknet_leaf_51_clk,85.38
_03611_,85.36
_02051_,85.28
_02393_,84.88
_06365_,84.88
_02172_,84.86
arr.a12\[1\],84.85
arr.b03\[3\],84.81
_04380_,84.72
net773,84.705
_03200_,84.68
net745,84.68
net1104,84.34
_08003_,84.335
net755,84.26
_04401_,84.245
arr.b22\[5\],84.12
net686,84.04
_06759_,83.96
arr.a21\[5\],83.94
arr.a1\[7\],83.82
net876,83.79
_07559_,83.775
_03692_,83.315
clknet_leaf_117_clk,83.1
_02150_,82.92
clknet_leaf_49_clk,82.8
_01751_,82.76
_02398_,82.76
_00064_,82.74
net736,82.7
arr.a0\[3\],82.675
net989,82.6
net710,82.48
_03809_,82.27
_03983_,81.79
_03589_,81.73
net537,81.72
_05393_,81.7
clknet_leaf_55_clk,81.64
_00059_,81.5
net682,81.41
_04075_,81.28
_02794_,81.26
clknet_leaf_145_clk,81.23
net696,81.17
net933,81.16
arr.b13\[0\],81.08
_01938_,81.06
net778,80.97
clknet_leaf_54_clk,80.96
_01757_,80.84
arr.a02\[3\],80.76
_07882_,80.72
clknet_leaf_41_clk,80.71
net256,80.62
_07979_,80.575
arr.a2\[2\],80.4
_01750_,80.36
_06760_,80.36
arr.b22\[7\],80.3
_03944_,80.22
arr.b1\[0\],80.14
clknet_leaf_63_clk,80
clknet_leaf_105_clk,79.96
_01908_,79.8
_05790_,79.76
arr.a22\[7\],79.73
_05359_,79.4
_07346_,79.325
net730,79.28
_04204_,79.24
_07159_,79.16
clknet_leaf_93_clk,79.12
clknet_leaf_4_clk,78.88
clknet_leaf_43_clk,78.86
_04784_,78.66
arr.a31\[7\],78.525
clknet_leaf_64_clk,78.48
arr.a0\[1\],78.46
net747,77.885
_02117_,77.84
arr.b10\[3\],77.84
_03295_,77.695
_03192_,77.64
_07885_,77.52
_06142_,77.405
_06983_,77.2
net939,77.16
net40,77
clknet_leaf_69_clk,77
arr.a1\[2\],76.78
_03211_,76.68
_01229_,76.56
clknet_leaf_146_clk,76.54
net813,76.44
clknet_leaf_18_clk,76.34
_08722_,76.3
arr.a02\[6\],76.28
net873,76.24
clknet_leaf_115_clk,76.16
net802,76.01
_06857_,75.965
arr.b1\[1\],75.86
net830,75.845
arr.a1\[5\],75.84
clknet_leaf_50_clk,75.7
net1292,75.56
_05552_,75.54
net538,75.48
clknet_leaf_147_clk,75.44
_03775_,75.335
_01927_,75.32
net817,75.28
net875,75.1
arr.b10\[0\],74.78
_05170_,74.72
_01269_,74.65
clknet_leaf_104_clk,74.5
clknet_leaf_3_clk,74.4
_05970_,74.37
arr.b22\[1\],74.27
clknet_leaf_13_clk,74.135
_04484_,74.1
arr.a12\[7\],74.08
_08542_,74.045
_06388_,74.02
_07173_,73.94
_02792_,73.84
clknet_leaf_72_clk,73.74
arr.a22\[0\],73.7
net902,73.7
_02342_,73.66
_06771_,73.36
arr.a22\[1\],73.24
net842,73.24
arr.a30\[2\],73.22
net703,73.18
_06552_,72.935
_04775_,72.87
clknet_leaf_19_clk,72.68
net823,72.66
_03214_,72.585
arr.a12\[0\],72.58
clknet_leaf_78_clk,72.56
net812,72.36
_02013_,72.26
_01898_,72.16
_07558_,72.155
arr.b10\[4\],72.12
_07959_,72.015
_06074_,72
arr.a31\[3\],71.77
_04798_,71.355
state\[2\],71.335
arr.b03\[0\],71.3
arr.b11\[5\],71.075
clknet_leaf_122_clk,70.96
_04820_,70.88
net749,70.76
_02419_,70.68
_06949_,70.68
clknet_leaf_133_clk,70.64
net699,70.48
_02175_,70.28
_02316_,70.21
_04350_,70.14
clknet_leaf_123_clk,70.12
clknet_leaf_15_clk,70.11
_02604_,70.1
arr.a00\[7\],70.06
clknet_leaf_38_clk,69.52
_03363_,69.475
_05741_,69.1
_07748_,69.095
clknet_leaf_144_clk,69
net827,68.96
_04170_,68.93
net801,68.92
arr.a31\[6\],68.85
clknet_leaf_40_clk,68.8
arr.a21\[6\],68.68
_06866_,68.57
_03680_,68.52
clknet_leaf_29_clk,68.36
clknet_leaf_75_clk,68.14
_03231_,67.865
clknet_leaf_126_clk,67.835
clknet_leaf_14_clk,67.82
_01752_,67.7
_08179_,67.66
net691,67.6
net762,67.56
_07198_,67.44
_05570_,67.2
_07331_,67.18
arr.b2\[4\],67.18
_02438_,67.17
_07782_,67.14
_07129_,67.11
clknet_leaf_118_clk,67.06
clknet_leaf_48_clk,66.9
_05968_,66.84
clknet_leaf_82_clk,66.82
net844,66.76
net764,66.68
clknet_leaf_97_clk,66.64
_07380_,66.62
_06157_,66.61
_02144_,66.32
_08164_,66.18
_03188_,66.16
net792,66.1
_08576_,66.06
arr.a1\[3\],65.92
arr.a32\[5\],65.86
_00032_,65.84
arr.a12\[6\],65.81
net788,65.76
arr.a22\[5\],65.68
clknet_leaf_52_clk,65.5
net785,65.36
_04996_,65.355
clknet_leaf_28_clk,65.305
_02236_,65.26
clknet_leaf_45_clk,65.24
net698,64.82
_06586_,64.69
arr.b22\[0\],64.68
_02981_,64.49
_00065_,64.34
_04155_,64.23
_07160_,64.21
_07529_,64.14
clknet_leaf_83_clk,64.12
clknet_leaf_36_clk,63.98
_00033_,63.86
_03683_,63.84
net560,63.8
net727,63.74
net845,63.6
net856,63.4
arr.a0\[2\],63.34
net837,63.34
arr.b21\[5\],63.22
net731,63.12
_03585_,63.1
arr.b11\[4\],63.04
net810,63
_00034_,62.98
net739,62.92
buf_b.write_ptr\[3\],62.64
arr.a2\[4\],62.56
net674,62.54
_08062_,62.48
net716,62.405
_00063_,62.16
_02765_,62.14
clknet_leaf_129_clk,61.92
net575,61.76
_03966_,61.72
_07133_,61.615
_07955_,61.61
net672,61.48
arr.a30\[5\],61.41
arr.a32\[7\],61.4
clknet_leaf_107_clk,61.4
arr.b20\[7\],61.04
clknet_leaf_77_clk,60.99
arr.a02\[7\],60.74
_02192_,60.6
net808,60.445
arr.a02\[5\],60.34
net718,60.29
clknet_leaf_2_clk,60.18
clknet_leaf_141_clk,59.98
net794,59.94
arr.a2\[3\],59.72
net694,59.545
_07665_,59.5
net677,59.46
clknet_leaf_9_clk,59.36
net884,59.32
_02381_,58.96
_04567_,58.93
_06191_,58.86
_02619_,58.74
_03015_,58.32
clknet_leaf_119_clk,58.32
_03412_,58.24
clknet_leaf_42_clk,58.14
_01963_,58.1
_02199_,58.08
arr.b21\[1\],57.86
clknet_leaf_121_clk,57.82
net715,57.78
net381,57.7
net793,57.66
net697,57.6
net894,57.36
_01941_,57.34
net863,57.26
arr.a12\[5\],57.18
_08325_,57.09
_05938_,57
_06818_,57
net707,56.98
_04601_,56.96
clknet_leaf_90_clk,56.86
net706,56.68
_02585_,56.62
_05539_,56.59
net1278,56.57
_02210_,56.48
_04354_,56.45
net818,56.38
arr.b21\[0\],56.29
clknet_leaf_124_clk,56.28
_04077_,56.26
_04879_,56.13
net678,55.8
_01917_,55.795
_08726_,55.76
_05755_,55.69
_07543_,55.64
_08145_,55.635
_02363_,55.54
arr.a30\[3\],55.49
_02352_,55.3
_07928_,55
clknet_leaf_95_clk,54.96
_03378_,54.9
_02344_,54.88
net828,54.88
net782,54.8
clknet_leaf_65_clk,54.68
buf_b.write_ptr\[2\],54.6
_04758_,54.58
arr.a30\[4\],54.54
_05566_,54.49
arr.a32\[6\],54.4
arr.b22\[3\],54.4
net776,54.38
clknet_leaf_59_clk,54.275
_01974_,54.2
net783,54
net743,53.96
arr.a22\[2\],53.88
net721,53.56
_06557_,53.54
clknet_leaf_56_clk,53.535
_08127_,53.37
_06909_,53.28
_02209_,53.12
_03247_,52.64
net722,52.62
_07852_,52.52
_04962_,52.155
clknet_leaf_151_clk,52
clknet_leaf_67_clk,51.94
net786,51.9
_01926_,51.62
_04073_,51.6
_07384_,51.6
_02233_,51.58
_06856_,51.54
clknet_leaf_99_clk,51.42
clknet_leaf_116_clk,51.38
_05330_,51.2
_07156_,51.2
_06820_,51.14
_05378_,51.12
clknet_leaf_114_clk,51.12
_02782_,50.94
net695,50.9
_04016_,50.85
net1279,50.8
net725,50.7
_07861_,50.62
net744,50.56
_05602_,50.4
arr.a32\[1\],50.34
_08052_,50.325
_07821_,50.32
arr.b11\[3\],50.18
_08077_,50.14
_06852_,49.88
arr.b03\[1\],49.84
clknet_leaf_8_clk,49.82
clknet_leaf_53_clk,49.72
_07884_,49.7
clknet_leaf_94_clk,49.44
arr.a32\[2\],49.16
net1219,49.14
_08089_,49.12
clknet_leaf_68_clk,49.11
clknet_leaf_57_clk,49.1
_04795_,48.48
_05415_,48.48
net829,48.42
clknet_leaf_142_clk,48.4
_05045_,48.31
arr.a12\[4\],48.2
net723,48.1
_06571_,48.06
_07005_,47.91
_05472_,47.9
_04586_,47.84
_04085_,47.58
arr.a32\[0\],47.56
_07188_,47.37
_00650_,47.3
net683,47.24
arr.b22\[4\],47.2
_03558_,47.14
net787,47.1
_05342_,47.08
_03682_,46.86
clknet_leaf_11_clk,46.8
_08329_,46.68
_02206_,46.585
net886,46.48
net680,46.385
clknet_leaf_37_clk,46.26
clknet_leaf_101_clk,46
net767,45.9
_06665_,45.88
_02850_,45.86
net724,45.74
net913,45.64
net836,45.62
_01780_,45.56
clknet_leaf_32_clk,45.5
net960,45.48
_01952_,45.44
net740,45.42
net1285,45.42
net943,45.38
_03161_,45.2
_05235_,45.18
_02205_,45.165
_06864_,44.74
_02338_,44.72
_01878_,44.7
net568,44.695
arr.a22\[6\],44.62
net857,44.46
_02431_,44.44
_03271_,44.34
_08510_,44.32
net961,44.3
_02188_,44.16
clknet_leaf_137_clk,44.1
_01781_,44.06
clknet_leaf_44_clk,44.06
clknet_leaf_86_clk,43.98
_07888_,43.94
_04554_,43.9
_03690_,43.89
_08128_,43.88
net554,43.86
net541,43.84
clknet_leaf_20_clk,43.82
net713,43.8
_03721_,43.78
buf_b.read_ptr\[2\],43.535
_02379_,43.52
_02568_,43.495
_02869_,43.38
net770,43.38
_02244_,43.3
_04210_,43.3
_08509_,43.26
_05096_,43.16
_03302_,43.1
arr.b21\[3\],42.9
arr.a32\[4\],42.74
_08711_,42.72
net542,42.64
net929,42.52
net1270,42.52
net806,42.465
_08075_,42.26
arr.b20\[5\],42.1
_03912_,42.02
_06195_,42.02
_06558_,41.96
net1269,41.96
arr.a32\[3\],41.8
clknet_leaf_22_clk,41.76
_04175_,41.7
clknet_leaf_62_clk,41.7
net589,41.7
_06176_,41.69
_05142_,41.66
net579,41.66
_06795_,41.64
_05972_,41.6
_06830_,41.6
net230,41.55
net363,41.54
clknet_leaf_109_clk,41.54
_04851_,41.52
net717,41.52
_02240_,41.5
_03305_,41.46
_06624_,41.46
_06593_,41.44
arr.a21\[7\],41.44
_07483_,41.4
_07825_,41.36
buf_a.write_ptr\[2\],41.36
_06732_,41.29
_07978_,41.28
_06224_,41.24
clknet_leaf_150_clk,41.24
net928,41.24
net557,41.22
_07086_,41.2
buf_b.row3\[7\],41.16
net666,41.05
_03118_,41
_04125_,40.98
_03248_,40.92
_05368_,40.92
_02870_,40.86
_03515_,40.86
_00060_,40.82
buf_b.write_ptr\[1\],40.675
clknet_leaf_17_clk,40.64
_06026_,40.62
_06908_,40.62
_04193_,40.58
_02243_,40.53
_03341_,40.52
arr.a12\[3\],40.4
_02247_,40.08
_02335_,39.8
_02492_,39.68
_06519_,39.62
_02719_,39.56
_05099_,39.52
buf_a.read_ptr\[2\],39.48
_08228_,39.375
_02182_,39.34
_04827_,39.3
_06343_,39.28
net1273,39.27
_06050_,39.14
net796,39.14
_02235_,39.1
arr.a22\[4\],39.04
_08258_,38.96
net1284,38.86
_05205_,38.76
_06641_,38.76
_02411_,38.7
clknet_leaf_12_clk,38.64
clknet_leaf_74_clk,38.58
net897,38.52
_02888_,38.5
arr.b13\[1\],38.46
_03954_,38.44
_03653_,38.42
net556,38.31
_02207_,38.26
_03780_,38.26
_06954_,38.16
_08314_,38.12
_05493_,38
_02440_,37.94
_04850_,37.94
net846,37.9
net676,37.84
_06035_,37.79
_01760_,37.7
_03621_,37.7
_04925_,37.64
_06804_,37.62
_05761_,37.58
_07309_,37.58
net756,37.58
_05449_,37.5
_07189_,37.45
_06003_,37.44
_02722_,37.38
_06240_,37.3
_07480_,37.3
clknet_leaf_89_clk,37.2
_03165_,37.08
_03562_,37.06
_05543_,36.96
_07269_,36.92
_05496_,36.66
_02668_,36.56
_03340_,36.5
_05326_,36.5
_04826_,36.48
_02698_,36.44
_05952_,36.375
_05986_,36.34
arr.a12\[2\],36.26
_06686_,36.22
_03301_,36.2
_02251_,36.18
_03285_,36.16
_07917_,36.16
_03224_,36.1
_02484_,36.08
_04194_,36.06
_05942_,36.045
_04436_,36.04
_07254_,36.04
_05589_,36
_06162_,36
_08406_,36
_02769_,35.98
_07351_,35.96
net1098,35.96
_07533_,35.92
_02671_,35.9
_03858_,35.9
clknet_leaf_7_clk,35.88
_06619_,35.86
clknet_leaf_108_clk,35.86
net917,35.72
_02884_,35.7
net705,35.66
_02248_,35.6
_04307_,35.58
_02827_,35.56
_03953_,35.48
_04039_,35.46
_06895_,35.44
_03815_,35.39
_05309_,35.36
_04116_,35.31
_07365_,35.28
_04929_,35.2
_06635_,35.14
_04945_,35.12
_05432_,35.08
_04561_,35.04
_07273_,34.96
_05228_,34.935
_02348_,34.9
_06990_,34.88
_03272_,34.86
_07215_,34.84
_02444_,34.8
_02190_,34.72
_07249_,34.72
_04924_,34.68
_03762_,34.59
_06320_,34.58
_02454_,34.52
_02325_,34.46
net761,34.44
_07413_,34.38
_04157_,34.36
_04590_,34.36
_07945_,34.34
clknet_leaf_103_clk,34.34
_04046_,34.3
_02193_,34.26
_02367_,34.22
_06721_,34.22
_05146_,34.18
_07823_,34.1
_07731_,34.06
_05131_,34.04
_08679_,34.04
_07270_,33.98
net384,33.96
_04623_,33.94
_08279_,33.94
_02321_,33.9
_04967_,33.88
_07932_,33.86
_06689_,33.8
_06728_,33.76
_02373_,33.66
_02975_,33.64
_04885_,33.64
_04933_,33.64
_05277_,33.64
_05222_,33.54
_02433_,33.5
_08470_,33.46
_03651_,33.38
_06904_,33.38
_03547_,33.37
net573,33.35
_02377_,33.34
_04737_,33.26
clknet_leaf_73_clk,33.22
_00025_,33.14
_05249_,33.12
_07308_,33.02
_05183_,33
_03949_,32.96
_02880_,32.84
_03000_,32.74
_02371_,32.72
_04048_,32.66
_06805_,32.56
_02323_,32.54
_05839_,32.52
_06608_,32.52
_06213_,32.5
net711,32.44
_05664_,32.36
_07817_,32.34
count\[0\],32.34
_07804_,32.33
_06005_,32.3
_04025_,32.26
arr.b10\[1\],32.26
_04949_,32.24
_04226_,32.14
arr.b20\[3\],32.14
net990,32.1
_06736_,32.095
_04930_,32.06
_08625_,32.06
_05227_,32.02
net811,32.02
_08407_,32
net719,31.96
_03259_,31.9
_02845_,31.82
_07083_,31.72
_05327_,31.71
_00061_,31.7
_06936_,31.7
_02968_,31.66
_07201_,31.65
_05250_,31.64
_03948_,31.63
net906,31.62
_03249_,31.6
net835,31.6
_02346_,31.56
_03941_,31.54
net688,31.48
_05556_,31.44
_06535_,31.4
_08449_,31.4
_06119_,31.38
_03781_,31.22
_06935_,31.22
_00043_,31.2
_06270_,31.2
_07853_,31.2
_06879_,31.1
_02448_,31.04
_07386_,31
_03869_,30.9
_06520_,30.9
_04237_,30.88
result22[7],30.87
net821,30.8
_06972_,30.695
_08042_,30.68
_06294_,30.66
_05929_,30.64
net858,30.62
net932,30.6
net1016,30.52
_03234_,30.5
_03444_,30.46
_04680_,30.46
_00011_,30.44
net202,30.44
_04886_,30.42
_06009_,30.38
_06246_,30.38
_07753_,30.34
net687,30.34
_03383_,30.3
_07402_,30.3
_05973_,30.27
_02253_,30.2
_04791_,30.1
net769,30.1
_05442_,30.09
result11[27],30.07
_05075_,30
_06120_,30
_04701_,29.9
_08014_,29.88
_08471_,29.88
_05238_,29.875
_05823_,29.86
_02453_,29.82
_05109_,29.72
_02623_,29.66
_08430_,29.64
_03842_,29.62
_07332_,29.62
_03153_,29.46
result23[21],29.45
_04038_,29.44
_02836_,29.38
_04051_,29.38
net888,29.36
_05718_,29.34
_08044_,29.34
buf_b.write_ptr\[0\],29.34
net916,29.32
_05739_,29.3
_07136_,29.29
_07678_,29.24
_03275_,29.2
net693,29.185
_06064_,29.18
net1142,29.04
net834,29.02
net859,29
_03799_,28.82
_06304_,28.82
_02593_,28.78
_07440_,28.78
_07636_,28.78
_02793_,28.76
_04762_,28.76
_04981_,28.76
_04474_,28.68
buf_a.read_ptr\[0\],28.67
_05724_,28.66
_02556_,28.6
net669,28.6
_04607_,28.58
result22[3],28.5
_03150_,28.48
_03310_,28.465
_06459_,28.46
net704,28.44
_08583_,28.4
_05341_,28.38
_07345_,28.38
_03656_,28.36
_07832_,28.32
net71,28.3
_02846_,28.28
_04704_,28.24
_02218_,28.21
_05768_,28.2
_08282_,28.14
_02468_,28.1
_02823_,28.1
_07655_,28.1
_03256_,28.08
buf_b.mem\[4\]\[5\],28.06
net712,27.985
_02967_,27.98
_04869_,27.98
_06718_,27.98
_08026_,27.98
_08668_,27.94
_04968_,27.9
clknet_leaf_120_clk,27.88
_02638_,27.82
_06858_,27.82
net684,27.82
_05081_,27.8
_04550_,27.74
_06827_,27.74
_03065_,27.72
_01799_,27.68
_06180_,27.68
_08332_,27.68
_02241_,27.58
_07121_,27.57
_02494_,27.56
_05681_,27.56
_07021_,27.56
_05031_,27.54
arr.a22\[3\],27.54
_05287_,27.46
_07192_,27.46
_08110_,27.44
_05869_,27.42
_03943_,27.38
_04743_,27.38
_04761_,27.38
_05343_,27.38
_02324_,27.36
_08431_,27.36
_06045_,27.32
net1274,27.29
_05436_,27.28
net700,27.26
net919,27.26
_07118_,27.24
_05625_,27.22
_03826_,27.2
_03144_,27.18
_03472_,27.18
_02859_,27.12
_06124_,27.095
_05634_,27.06
clknet_leaf_140_clk,27.06
_08088_,27.04
net701,27.025
_07672_,27.02
result33[4],27
_06251_,26.98
_08108_,26.98
result10[11],26.97
buf_b.row1\[1\],26.96
_03324_,26.94
_05775_,26.92
_03445_,26.9
_04808_,26.9
_06449_,26.84
clknet_leaf_71_clk,26.82
_08599_,26.76
_06846_,26.72
_04880_,26.64
_03707_,26.61
_08169_,26.6
clknet_leaf_21_clk,26.6
_06480_,26.58
_02264_,26.52
_06054_,26.52
_07637_,26.52
_03743_,26.505
_08689_,26.5
_02905_,26.44
arr.b21\[4\],26.44
_05042_,26.4
_04538_,26.385
_08191_,26.34
_07710_,26.32
_02913_,26.315
_05890_,26.3
_06757_,26.3
_03267_,26.28
_04605_,26.28
_02735_,26.26
_08411_,26.26
_08585_,26.22
net824,26.2
_02652_,26.16
clknet_leaf_106_clk,26.14
_06012_,26.13
_01809_,26.1
_06973_,26.1
_07276_,26.1
_02952_,26.06
_08321_,26.06
_03566_,26.04
_08626_,26.03
_02761_,26.02
_07790_,26.02
_08632_,26
_08549_,25.98
net1281,25.96
_04804_,25.94
_06621_,25.94
_04455_,25.92
_06523_,25.92
_06046_,25.9
_05770_,25.82
_03178_,25.78
_04304_,25.76
_07435_,25.76
clknet_leaf_85_clk,25.76
_03148_,25.74
_07994_,25.74
_02600_,25.72
_04572_,25.72
_02906_,25.7
_04079_,25.7
_05893_,25.7
_03004_,25.68
_03321_,25.68
_05525_,25.68
_07016_,25.66
arr.b20\[4\],25.66
_00021_,25.64
net780,25.64
_08610_,25.62
_08109_,25.6
result31[21],25.6
_05128_,25.54
_07017_,25.54
_08212_,25.52
clknet_leaf_16_clk,25.52
_05723_,25.5
_05762_,25.5
_07801_,25.5
_04259_,25.38
_07815_,25.38
_03864_,25.36
_04339_,25.36
_04456_,25.34
_00052_,25.32
_07711_,25.32
_06724_,25.315
_02949_,25.3
_00051_,25.28
_07261_,25.28
_05875_,25.26
_06381_,25.26
_07209_,25.26
_05358_,25.24
_06817_,25.24
_07321_,25.24
_03608_,25.22
_07039_,25.22
net692,25.205
_02964_,25.2
_03306_,25.2
_05266_,25.2
_04069_,25.18
_03071_,25.15
buf_a.mem\[1\]\[3\],25.14
_03667_,25.12
net799,25.06
_06484_,25.025
_05256_,25.02
_06100_,25.02
_05954_,25
_08069_,25
_04102_,24.98
_07268_,24.98
_02354_,24.96
_08068_,24.96
net1072,24.94
_04156_,24.92
_06539_,24.92
_04422_,24.9
_07412_,24.9
_03346_,24.88
_03345_,24.86
_05797_,24.84
_06421_,24.84
_04549_,24.8
_05551_,24.8
_06351_,24.8
_08159_,24.8
_07403_,24.78
_02456_,24.76
_03951_,24.76
_06329_,24.76
_08614_,24.72
_02679_,24.7
_03115_,24.7
_04413_,24.7
_05912_,24.68
_07301_,24.68
_02948_,24.66
_08107_,24.66
_03705_,24.64
_05018_,24.62
_06678_,24.58
_07075_,24.58
_02458_,24.56
_03266_,24.56
_02904_,24.54
_02829_,24.53
_06080_,24.5
_03969_,24.48
_03861_,24.44
_07722_,24.44
_06749_,24.42
_07154_,24.42
_06018_,24.4
_06326_,24.4
_02333_,24.36
_04714_,24.34
_05371_,24.34
_05822_,24.34
_06285_,24.31
_03086_,24.3
_05796_,24.3
_04470_,24.28
_07565_,24.28
_02318_,24.26
_04396_,24.26
_07786_,24.26
_08661_,24.26
_04513_,24.235
_04553_,24.22
_06881_,24.22
_07895_,24.22
_04998_,24.2
_05576_,24.2
_06564_,24.2
_03243_,24.18
_07734_,24.18
_04579_,24.16
_03901_,24.14
_07608_,24.14
_02289_,24.12
_05427_,24.12
net741,24.12
_07911_,24.08
_03512_,24.06
_05671_,24.06
buf_a.read_ptr\[1\],24.06
_05999_,24.03
_06335_,24.02
_02911_,24
_03401_,24
_03541_,23.98
buf_b.mem\[9\]\[5\],23.98
_03281_,23.94
_04573_,23.92
_08413_,23.92
_08445_,23.9
_03190_,23.88
_05092_,23.88
_07874_,23.88
_08000_,23.88
_03049_,23.86
_07354_,23.86
_04520_,23.84
_04024_,23.82
count\[1\],23.82
_03416_,23.8
_04672_,23.8
_02305_,23.78
_03308_,23.78
_06115_,23.775
_07358_,23.76
buf_b.read_ptr\[0\],23.735
_02254_,23.7
_05943_,23.7
net816,23.66
_04831_,23.64
_04892_,23.64
_06165_,23.64
_08157_,23.64
buf_b.mem\[3\]\[0\],23.62
net746,23.62
_04141_,23.6
_05448_,23.6
net734,23.6
_05487_,23.54
_07022_,23.54
_03798_,23.52
_03643_,23.48
_03718_,23.48
_05346_,23.46
_06680_,23.46
_03813_,23.45
_03761_,23.44
_03794_,23.44
_02651_,23.42
_02927_,23.42
_03644_,23.42
_06948_,23.4
_06538_,23.395
_08435_,23.36
_07612_,23.34
_05305_,23.3
_06103_,23.3
_04317_,23.28
_07794_,23.28
_08697_,23.28
_03091_,23.26
_05485_,23.22
_05593_,23.2
_07494_,23.2
net774,23.2
_05583_,23.18
_04961_,23.165
_02909_,23.16
_02466_,23.14
_04966_,23.13
_00062_,23.12
_04059_,23.12
_06418_,23.12
_06089_,23.115
net673,23.08
_06482_,23.04
_07521_,23.04
clknet_leaf_70_clk,23.04
_06086_,23.02
_03038_,22.96
_03186_,22.96
_04840_,22.96
_05138_,22.96
_06085_,22.96
_04571_,22.94
_07329_,22.92
_06199_,22.9
_06451_,22.9
_03365_,22.86
buf_b.row1\[0\],22.86
net820,22.86
_02505_,22.8
_03342_,22.8
_07224_,22.8
result03[0],22.8
result21[23],22.79
_04650_,22.77
net235,22.76
net569,22.76
_07032_,22.755
_06920_,22.74
result01[26],22.73
_02191_,22.72
net1206,22.72
net685,22.7
_05958_,22.695
_06592_,22.69
_04695_,22.68
_04971_,22.68
_05252_,22.68
_06172_,22.68
_08628_,22.68
net1276,22.68
_05850_,22.66
_04451_,22.64
_07751_,22.64
result11[8],22.64
_04865_,22.62
_06347_,22.62
_06569_,22.62
_02482_,22.6
_06125_,22.6
_06576_,22.6
_08500_,22.6
_04022_,22.58
_06892_,22.58
_06867_,22.54
_02515_,22.5
_06283_,22.5
a2_d1\[1\],22.5
_05702_,22.48
_03360_,22.46
_02259_,22.44
_03663_,22.44
_05509_,22.44
_06019_,22.44
_06398_,22.44
_05924_,22.42
_06163_,22.42
_06385_,22.42
_07730_,22.415
_03742_,22.4
_05639_,22.4
_04497_,22.38
_05098_,22.38
_05365_,22.38
_05719_,22.38
_04736_,22.37
net593,22.345
_07415_,22.34
_08150_,22.34
_04431_,22.32
_05615_,22.32
_04495_,22.28
_03107_,22.26
_04296_,22.26
net681,22.24
_08714_,22.22
net975,22.22
net1120,22.22
_05171_,22.2
net1184,22.2
_03070_,22.18
_08631_,22.18
buf_b.mem\[14\]\[2\],22.18
_00031_,22.16
_07239_,22.16
_05410_,22.155
_07679_,22.14
_08198_,22.14
_08425_,22.12
_08474_,22.11
_03434_,22.1
_06210_,22.1
_06825_,22.1
_07651_,22.1
_05291_,22.085
_04730_,22.08
_07671_,22.08
buf_a.mem\[9\]\[5\],22.08
_08239_,22.06
_03841_,22.04
_05345_,22.04
_05922_,22.04
_05630_,22.02
_05845_,21.92
_07213_,21.92
_03037_,21.9
_06874_,21.9
_04529_,21.88
_07613_,21.88
buf_a.mem\[14\]\[1\],21.88
_07432_,21.86
_07682_,21.86
net1183,21.86
_06968_,21.84
net1062,21.84
_02824_,21.82
_03273_,21.82
_03349_,21.78
_03746_,21.78
_03909_,21.78
_05780_,21.78
_04530_,21.76
_07170_,21.76
buf_a.write_ptr\[3\],21.76
buf_a.mem\[8\]\[6\],21.74
_03491_,21.72
_02851_,21.7
_04342_,21.7
_05978_,21.7
_06223_,21.7
_07369_,21.7
_07856_,21.7
_03467_,21.68
_04236_,21.68
_04566_,21.68
_07217_,21.66
_03024_,21.64
_07991_,21.64
_02654_,21.62
_05373_,21.62
_06899_,21.62
_07805_,21.62
net733,21.62
_03242_,21.6
_05903_,21.58
_04040_,21.575
_05651_,21.56
_02238_,21.54
_06407_,21.53
_02833_,21.5
_05029_,21.5
_06027_,21.5
_08598_,21.48
_05527_,21.46
_05882_,21.46
_06812_,21.46
_04427_,21.44
_07207_,21.44
result00[6],21.38
state\[0\],21.37
buf_a.mem\[9\]\[6\],21.36
_04908_,21.35
_07566_,21.34
buf_a.mem\[13\]\[1\],21.34
_02356_,21.32
_02413_,21.32
_04534_,21.32
_05437_,21.32
_08554_,21.315
_04443_,21.3
_08234_,21.3
_08388_,21.3
_02774_,21.26
_06033_,21.26
net807,21.26
net1265,21.24
_02878_,21.22
_03322_,21.22
_04153_,21.22
_05002_,21.22
_05522_,21.22
b3_d1\[1\],21.22
_04479_,21.18
_05428_,21.18
_04182_,21.17
_04432_,21.16
_07018_,21.16
_02732_,21.14
_02550_,21.12
_02567_,21.12
_07831_,21.11
_06139_,21.095
_07571_,21.095
_01951_,21.08
_03703_,21.08
_06051_,21.08
net940,21.08
_02754_,21.06
_03934_,21.06
_08609_,21.06
_08739_,21.06
_00013_,21.04
_02963_,21.04
net1021,21.04
_03461_,21.02
_05932_,21.02
_06481_,21.02
net1003,21.02
_02547_,21
_04634_,21
_05990_,21
_06943_,21
_05688_,20.995
_03602_,20.98
_08655_,20.96
_05969_,20.945
_04897_,20.94
_05467_,20.92
_03338_,20.88
_04100_,20.88
_05367_,20.88
_06419_,20.88
_07035_,20.88
_04333_,20.86
_07225_,20.86
_07511_,20.86
_07838_,20.86
_03483_,20.855
_05825_,20.82
buf_b.row1\[2\],20.78
_04499_,20.775
_04346_,20.76
_02626_,20.74
_04448_,20.74
_04492_,20.74
_07750_,20.74
_07965_,20.74
_08054_,20.74
_03525_,20.72
_04275_,20.72
result31[3],20.71
_03678_,20.7
_06081_,20.7
_07232_,20.67
_04402_,20.66
_05608_,20.66
_06578_,20.66
_07920_,20.66
b3_d1\[3\],20.66
clknet_leaf_46_clk,20.66
_03635_,20.65
_02608_,20.64
_08116_,20.64
_08595_,20.64
_05056_,20.62
_08466_,20.615
_02701_,20.6
_08103_,20.6
_04400_,20.59
_02615_,20.58
_04033_,20.56
_05194_,20.56
_05134_,20.54
_03300_,20.52
_06352_,20.52
_07158_,20.51
_04041_,20.5
_07849_,20.5
_02642_,20.48
_02524_,20.475
_02674_,20.46
_03233_,20.46
_08211_,20.46
_08641_,20.455
_06291_,20.44
_03384_,20.42
_05439_,20.42
buf_b.mem\[9\]\[6\],20.42
_02594_,20.4
_05478_,20.4
_07816_,20.38
_03100_,20.34
_02757_,20.32
_03784_,20.32
_05779_,20.32
_06144_,20.32
_06847_,20.32
_07248_,20.32
_02391_,20.3
_02400_,20.3
_03627_,20.28
net1191,20.28
_04894_,20.22
_00019_,20.2
_03634_,20.2
_03778_,20.2
_02907_,20.18
_06688_,20.18
_03075_,20.16
_03645_,20.16
_06442_,20.16
_07799_,20.16
_07002_,20.14
_07038_,20.14
_07760_,20.14
_05682_,20.12
_07229_,20.12
_07280_,20.12
_07116_,20.1
_03307_,20.08
_04227_,20.08
_05468_,20.08
_05482_,20.08
_08261_,20.07
result21[22],20.07
_06333_,20.06
net936,20.06
_00057_,20.04
_02529_,20.04
_06877_,20.04
_07594_,20.04
_07842_,20.02
_05015_,20
_06312_,20
_02988_,19.98
_03222_,19.98
_05620_,19.98
_07062_,19.96
_07936_,19.96
_02856_,19.94
_04810_,19.94
_05580_,19.94
_07054_,19.94
_02665_,19.92
_07296_,19.92
_07219_,19.9
_03418_,19.88
_03758_,19.88
_07278_,19.88
_02229_,19.86
_02616_,19.86
_04817_,19.86
_05594_,19.86
_06719_,19.86
_07997_,19.86
_04163_,19.84
_06931_,19.84
net1094,19.84
_07538_,19.835
_05159_,19.82
_06707_,19.82
_06979_,19.82
_03575_,19.815
_04785_,19.8
_07072_,19.8
_07388_,19.8
_06169_,19.78
_06682_,19.78
_07235_,19.78
_08665_,19.78
_02426_,19.76
_03545_,19.76
_06842_,19.76
_07818_,19.76
_02480_,19.74
_03381_,19.74
_05150_,19.74
_04958_,19.73
_06568_,19.7
_06702_,19.7
_07169_,19.7
_07231_,19.7
_07767_,19.7
_02641_,19.68
_04832_,19.68
_06660_,19.68
_07935_,19.68
_02385_,19.66
_06143_,19.66
_02358_,19.64
_03539_,19.64
_04379_,19.62
_04624_,19.62
_07685_,19.62
_07617_,19.615
_07374_,19.6
_08102_,19.58
_03894_,19.57
_03047_,19.56
_06256_,19.56
_03030_,19.54
_05244_,19.54
_05611_,19.54
_06531_,19.54
_04606_,19.52
_07399_,19.52
_03254_,19.5
_06715_,19.5
_07924_,19.5
_08330_,19.5
net1194,19.5
_03550_,19.48
_04742_,19.48
_08565_,19.48
net708,19.48
_07771_,19.47
_02328_,19.46
_04253_,19.46
_08366_,19.46
net720,19.42
_05477_,19.4
_07953_,19.4
buf_a.row2\[0\],19.4
_04861_,19.38
_04985_,19.38
_04445_,19.36
_06140_,19.36
_04293_,19.34
_04372_,19.32
_04786_,19.32
_04818_,19.32
_05742_,19.32
net1154,19.32
_07680_,19.31
_08525_,19.3
_02375_,19.28
_04450_,19.27
_08076_,19.26
_05214_,19.24
_05408_,19.24
_07503_,19.24
_08718_,19.24
_02216_,19.22
_05289_,19.22
_05302_,19.22
_05690_,19.2
_04029_,19.18
_06413_,19.18
_08022_,19.18
_08250_,19.18
_02742_,19.16
_02993_,19.16
_03157_,19.16
_05230_,19.14
_05678_,19.12
_06961_,19.1
_06327_,19.08
_07719_,19.08
net738,19.08
_02331_,19.06
_07927_,19.06
_04584_,19.055
_06594_,19.03
_06477_,19.02
net726,19.02
result33[7],19.01
_01907_,19
_06060_,18.99
_03377_,18.96
_04438_,18.96
net729,18.96
_07179_,18.94
_03064_,18.93
_03074_,18.93
_03719_,18.92
_07507_,18.92
_07618_,18.92
_06776_,18.9
_04845_,18.88
_05686_,18.88
_03032_,18.86
_03728_,18.86
_05353_,18.86
_02580_,18.84
_07575_,18.84
_04114_,18.83
_04464_,18.82
buf_a.mem\[15\]\[4\],18.82
_05545_,18.8
_07050_,18.8
_08222_,18.8
_02517_,18.795
_03868_,18.79
_05648_,18.77
_01886_,18.74
_04843_,18.74
_06198_,18.74
_07459_,18.74
_02350_,18.72
_06128_,18.7
_06440_,18.7
_07234_,18.7
_07549_,18.7
_02740_,18.68
_03888_,18.66
_06613_,18.66
_08472_,18.65
_03128_,18.64
_04739_,18.64
_08073_,18.64
_08365_,18.64
_02309_,18.62
_07146_,18.62
_06073_,18.61
_02449_,18.6
_05909_,18.6
_07096_,18.6
_04208_,18.58
net1145,18.58
_07462_,18.56
_03664_,18.54
_07474_,18.54
buf_b.mem\[9\]\[4\],18.54
_06801_,18.535
_05426_,18.52
_06159_,18.52
_05916_,18.5
_02441_,18.48
_04485_,18.47
_04437_,18.46
_04667_,18.46
_07111_,18.46
_08139_,18.46
_08185_,18.46
_03464_,18.44
_07446_,18.44
_08037_,18.44
buf_b.mem\[15\]\[3\],18.44
_08048_,18.42
_04986_,18.41
_04375_,18.4
_05679_,18.4
_07068_,18.4
net1124,18.4
net883,18.385
_00029_,18.38
_02334_,18.38
_08095_,18.37
_07058_,18.36
_04591_,18.32
_06496_,18.32
_07230_,18.32
_07774_,18.32
_04690_,18.3
_05619_,18.3
_06214_,18.28
_04191_,18.26
_05851_,18.26
_08117_,18.26
_02980_,18.24
_03828_,18.24
_05292_,18.24
_08561_,18.24
result03[6],18.24
net1058,18.24
_03090_,18.22
_08465_,18.22
_03790_,18.2
_03805_,18.2
buf_a.mem\[1\]\[5\],18.2
net1186,18.2
net789,18.19
_05506_,18.18
_02503_,18.17
_04595_,18.16
_08317_,18.16
net809,18.16
_03262_,18.14
_08476_,18.14
b3_d1\[2\],18.14
_03955_,18.12
_04527_,18.1
_06084_,18.1
_07461_,18.1
_07841_,18.1
_08143_,18.1
_04859_,18.08
_06076_,18.08
_04449_,18.06
_05743_,18.06
_06423_,18.06
_08238_,18.05
_07686_,18.04
_05531_,18.02
_06838_,18.02
_07317_,18.02
net679,18.02
_05579_,18
_06596_,18
_07166_,18
_08505_,18
result11[14],18
_06126_,17.98
_06778_,17.98
_04174_,17.96
_05925_,17.96
_05995_,17.96
_07064_,17.96
_04535_,17.94
_05828_,17.94
_07676_,17.94
_03447_,17.9
_07282_,17.9
_08194_,17.9
_03693_,17.88
_03699_,17.88
buf_a.write_ptr\[1\],17.88
_03350_,17.875
_06947_,17.86
net1282,17.86
_03623_,17.85
_05503_,17.84
_07183_,17.84
_05913_,17.82
_07328_,17.82
_07721_,17.82
net1227,17.82
_02957_,17.8
_00049_,17.78
_05526_,17.78
_04105_,17.76
_00026_,17.74
_03361_,17.74
_03435_,17.74
_06292_,17.74
_08131_,17.74
_08253_,17.74
_02678_,17.72
_03844_,17.72
_07205_,17.72
_03478_,17.7
_07519_,17.7
_08375_,17.7
_08513_,17.7
_00005_,17.68
_04544_,17.68
_05286_,17.66
_06243_,17.66
_03646_,17.64
_04893_,17.64
_05627_,17.64
_06056_,17.64
_08324_,17.64
_06651_,17.635
_05443_,17.61
_05129_,17.6
_03473_,17.58
_03554_,17.58
_04636_,17.58
_07876_,17.58
_08717_,17.58
buf_a.write_ptr\[0\],17.58
_04358_,17.56
_05460_,17.56
_08273_,17.56
_07240_,17.54
_02434_,17.52
_02816_,17.52
_03580_,17.52
_05311_,17.5
_07079_,17.48
_08311_,17.48
buf_b.mem\[8\]\[7\],17.48
_02549_,17.46
_05638_,17.46
_07560_,17.45
_08647_,17.44
buf_b.mem\[7\]\[3\],17.44
_04120_,17.42
_06675_,17.42
_08168_,17.42
net570,17.42
_03565_,17.4
_03630_,17.38
_02439_,17.36
_03831_,17.36
_03938_,17.36
_05727_,17.36
_08514_,17.36
clknet_leaf_143_clk,17.36
_05795_,17.34
_03997_,17.32
_04686_,17.32
_05464_,17.32
_04416_,17.3
_08065_,17.3
net1039,17.3
_02427_,17.28
_03599_,17.28
_06038_,17.28
_08557_,17.28
buf_b.mem\[10\]\[1\],17.28
_07714_,17.265
_04289_,17.24
_06276_,17.24
_07426_,17.24
_07469_,17.24
_02376_,17.22
_03094_,17.22
_03198_,17.22
_05001_,17.22
_06793_,17.22
_08016_,17.205
_06171_,17.2
_08635_,17.2
_03117_,17.18
_02715_,17.16
_04747_,17.16
_06287_,17.16
_06430_,17.16
_06876_,17.16
_08728_,17.16
_02995_,17.14
_03725_,17.14
_07124_,17.14
_08153_,17.14
_02477_,17.12
_04364_,17.12
_05188_,17.12
_05317_,17.12
_07666_,17.12
_08079_,17.12
_08398_,17.12
_02603_,17.1
_03970_,17.1
_04560_,17.1
_05340_,17.1
_07322_,17.1
net907,17.1
net1011,17.095
_02522_,17.08
_02625_,17.08
_02685_,17.08
_03504_,17.08
_03697_,17.08
_06611_,17.08
_00018_,17.06
_00047_,17.06
_08066_,17.06
_08563_,17.06
_08744_,17.06
_05759_,17.04
_03535_,17.02
_04098_,17.02
_05076_,17.02
_05465_,17.02
_02407_,17.01
_06258_,16.98
_02472_,16.96
_04846_,16.96
_05453_,16.96
buf_a.mem\[10\]\[0\],16.96
net1037,16.96
_06156_,16.94
result02[29],16.94
net803,16.94
_06437_,16.92
buf_b.mem\[13\]\[2\],16.92
_02327_,16.9
_07274_,16.9
_08588_,16.9
_06001_,16.88
_02777_,16.86
_06875_,16.86
buf_a.row3\[7\],16.86
_03797_,16.84
_06699_,16.84
_06075_,16.82
_06630_,16.82
_07770_,16.82
_04656_,16.8
_07465_,16.8
_02498_,16.78
_05288_,16.78
_07203_,16.78
_07212_,16.78
_02590_,16.76
_04661_,16.76
_05262_,16.76
_06824_,16.76
_08292_,16.76
_03640_,16.74
_04133_,16.74
_04613_,16.74
_04959_,16.74
_06470_,16.73
_03109_,16.72
_04782_,16.72
buf_a.mem\[1\]\[4\],16.72
_06023_,16.7
_04117_,16.68
_05182_,16.68
_06316_,16.68
_07220_,16.68
_08670_,16.68
_04214_,16.66
_07785_,16.66
net558,16.66
_00009_,16.64
_02506_,16.64
_03143_,16.64
_04173_,16.64
_05298_,16.64
_05984_,16.64
_08485_,16.64
_00006_,16.62
_04142_,16.62
_04490_,16.62
_05381_,16.62
_06740_,16.62
buf_b.mem\[10\]\[0\],16.62
_06455_,16.6
_07512_,16.6
buf_b.read_ptr\[1\],16.59
_02422_,16.58
_07043_,16.58
_05812_,16.56
_03487_,16.54
_08244_,16.54
_02521_,16.52
_02566_,16.52
_02689_,16.52
_03104_,16.52
_03050_,16.5
_06716_,16.5
result30[10],16.5
_02764_,16.48
_07228_,16.48
buf_b.mem\[2\]\[3\],16.48
_03745_,16.46
_05644_,16.46
_03337_,16.455
_03397_,16.44
_06077_,16.44
_02852_,16.42
_04239_,16.42
_05063_,16.42
_03089_,16.4
_04697_,16.4
_06280_,16.4
buf_b.mem\[15\]\[6\],16.4
_02451_,16.38
_06790_,16.38
_08302_,16.38
result11[0],16.38
_04349_,16.36
_04890_,16.36
_05164_,16.36
_06079_,16.36
_07302_,16.36
_06638_,16.34
_07233_,16.34
_02659_,16.32
_02945_,16.32
_04130_,16.32
_06052_,16.32
_00249_,16.3
_00324_,16.3
_06495_,16.3
_07450_,16.3
result10[15],16.29
_04491_,16.28
_06761_,16.28
_07315_,16.28
_02713_,16.26
_05156_,16.26
_05884_,16.26
_05874_,16.24
_06219_,16.24
_07683_,16.24
_05813_,16.23
_04510_,16.22
_04717_,16.22
_06551_,16.22
_04367_,16.215
_02787_,16.2
_03999_,16.2
_06101_,16.2
_06422_,16.2
_07452_,16.2
_08246_,16.2
_08544_,16.2
_06250_,16.18
_06404_,16.18
_07424_,16.18
_07530_,16.18
_07972_,16.18
_02704_,16.16
_02925_,16.16
_03354_,16.16
_05186_,16.16
_07667_,16.16
_05463_,16.14
_07084_,16.14
_08081_,16.14
_08347_,16.14
_04159_,16.12
_05445_,16.12
s_axis_a_data[2],16.12
_00037_,16.1
_07476_,16.1
net797,16.1
_07837_,16.08
result03[13],16.07
_03563_,16.06
_08214_,16.06
_07027_,16.04
_07983_,16.04
_08264_,16.04
_05246_,16.035
_06138_,16.02
buf_b.mem\[7\]\[0\],16.02
result21[11],16.02
result22[16],16.02
net887,16.02
_02478_,16
_02564_,15.98
_04327_,15.98
_02275_,15.96
_05547_,15.96
net950,15.96
_06464_,15.95
_01996_,15.94
_03738_,15.94
_06754_,15.94
net777,15.94
_02432_,15.92
_03215_,15.92
_03994_,15.92
_05778_,15.92
_06237_,15.92
_07592_,15.92
_05772_,15.9
_06036_,15.9
buf_b.mem\[3\]\[7\],15.9
_07826_,15.88
net583,15.88
_00208_,15.86
_02613_,15.86
_02693_,15.86
_05028_,15.86
_06837_,15.86
_06932_,15.86
buf_b.mem\[15\]\[1\],15.86
net1201,15.85
_06618_,15.84
_00071_,15.82
_03915_,15.82
_05557_,15.82
_05732_,15.82
_05981_,15.82
_07289_,15.82
_08078_,15.82
_08306_,15.82
_02242_,15.8
_03639_,15.8
_06696_,15.8
_07112_,15.8
_07195_,15.8
_08024_,15.8
_01588_,15.785
_08559_,15.785
_02463_,15.78
_02680_,15.78
_04524_,15.78
_06435_,15.78
_06483_,15.78
_05072_,15.76
_08379_,15.76
_08423_,15.76
_03111_,15.74
_06439_,15.74
net1141,15.74
_05258_,15.72
_06782_,15.72
net689,15.72
_03880_,15.7
_04938_,15.7
_06527_,15.7
_07772_,15.7
_04164_,15.68
_05088_,15.68
_05362_,15.68
_06906_,15.68
_08038_,15.68
net969,15.68
_06574_,15.665
_02040_,15.66
_03096_,15.66
_05495_,15.66
_05691_,15.66
_05834_,15.66
_05907_,15.66
buf_b.mem\[4\]\[3\],15.66
_02597_,15.64
_05090_,15.64
_05375_,15.64
_07716_,15.64
net1261,15.64
_02599_,15.625
_05203_,15.62
_06475_,15.62
_08394_,15.62
result20[29],15.62
_02660_,15.6
_04355_,15.6
_04387_,15.6
_05659_,15.6
_06671_,15.6
_07147_,15.6
_08146_,15.6
net1081,15.6
_04647_,15.58
_05568_,15.58
_07957_,15.58
_07962_,15.58
_06178_,15.57
_04944_,15.56
_07914_,15.56
_08498_,15.56
_08650_,15.56
buf_a.mem\[1\]\[0\],15.56
_05809_,15.54
_06882_,15.54
_03522_,15.53
_02819_,15.52
_06022_,15.52
_06606_,15.52
_08223_,15.52
net1002,15.52
_00035_,15.5
_00477_,15.5
_02531_,15.5
_02636_,15.5
_04805_,15.5
_06030_,15.5
net1009,15.5
_00028_,15.48
_02269_,15.48
_04169_,15.48
_07392_,15.48
_07698_,15.48
_08154_,15.48
buf_a.mem\[4\]\[7\],15.48
_02287_,15.46
_03329_,15.46
_05376_,15.46
_06196_,15.46
_07318_,15.45
_07987_,15.45
_04503_,15.44
_07982_,15.44
_08564_,15.44
_06447_,15.435
_06087_,15.42
_07619_,15.42
_08529_,15.42
net967,15.4
_03382_,15.38
_08008_,15.38
_08271_,15.38
_06893_,15.375
_02592_,15.36
_03612_,15.36
_04616_,15.36
_05645_,15.36
_06319_,15.36
_07048_,15.36
_07950_,15.36
buf_a.mem\[1\]\[1\],15.36
_02249_,15.34
_02277_,15.34
_05366_,15.34
_08189_,15.34
_03223_,15.32
_06601_,15.32
_07029_,15.32
buf_b.mem\[3\]\[6\],15.32
result30[14],15.32
net864,15.32
_03947_,15.3
_07125_,15.3
_00017_,15.28
_04168_,15.28
_04459_,15.28
_06390_,15.28
_06467_,15.28
_06550_,15.28
_07542_,15.28
net800,15.28
_03364_,15.26
_04585_,15.26
_04759_,15.26
net1004,15.26
_02985_,15.24
_03048_,15.24
_03931_,15.24
_06174_,15.24
_06933_,15.24
result20[19],15.24
result23[14],15.24
result30[0],15.24
_03076_,15.22
_03557_,15.22
_04035_,15.22
_04419_,15.22
_05282_,15.22
_06161_,15.22
_07670_,15.22
_08196_,15.22
net658,15.22
net903,15.22
net1208,15.22
_03201_,15.18
_06808_,15.18
_07567_,15.18
_07572_,15.18
_02569_,15.16
_04483_,15.16
_07395_,15.16
_05135_,15.145
_02749_,15.14
_06021_,15.14
_06392_,15.14
_06545_,15.14
buf_a.mem\[11\]\[7\],15.14
_07586_,15.135
_03422_,15.12
_04271_,15.12
_05653_,15.12
_08063_,15.12
_08709_,15.12
net980,15.12
_02647_,15.1
_07122_,15.1
_07472_,15.1
_07903_,15.1
_08231_,15.1
buf_b.mem\[7\]\[2\],15.1
_03085_,15.08
_07564_,15.08
_07858_,15.08
_08161_,15.08
_02279_,15.06
_04424_,15.06
_05561_,15.06
_06339_,15.06
_07715_,15.06
_07754_,15.06
_07275_,15.04
_03334_,15.02
_05871_,15.02
_07419_,15.02
_07845_,15.02
_08035_,15.02
net565,15.02
_02543_,15
_02802_,15
_03740_,15
_04838_,15
_06416_,15
buf_a.row2\[3\],15
result01[24],15
result03[10],15
result10[0],15
result10[2],15
result13[19],15
result21[29],15
result21[6],15
result23[9],15
result30[23],15
result31[17],15
result32[7],15
net984,15
_02936_,14.98
_04200_,14.98
_05275_,14.98
_06772_,14.98
_02897_,14.96
_04063_,14.96
_05489_,14.96
_06605_,14.96
_07187_,14.96
_04588_,14.94
_04618_,14.94
_05040_,14.94
_05517_,14.94
_06433_,14.94
_08001_,14.94
_08268_,14.94
_08390_,14.94
buf_b.mem\[2\]\[2\],14.94
_00066_,14.92
_02662_,14.92
_03806_,14.92
_05226_,14.92
_05646_,14.92
_06190_,14.92
_06342_,14.92
_07264_,14.92
_02601_,14.905
_02684_,14.9
_03404_,14.9
net996,14.9
net1013,14.89
_00055_,14.88
_03023_,14.88
_05861_,14.88
_07026_,14.88
_08460_,14.88
net1226,14.88
_05829_,14.875
_02467_,14.86
_05777_,14.86
_08473_,14.86
_08708_,14.86
buf_b.mem\[0\]\[1\],14.86
_02810_,14.84
_05560_,14.84
_06151_,14.84
_07631_,14.84
_08426_,14.84
_04263_,14.82
_04702_,14.82
_04749_,14.82
_05055_,14.82
_05649_,14.82
_05807_,14.82
_07397_,14.82
_00666_,14.81
_02627_,14.8
_05402_,14.8
_06042_,14.8
_03022_,14.78
_03870_,14.78
_05174_,14.78
_05225_,14.78
_06443_,14.78
result12[30],14.78
net885,14.78
_02090_,14.76
_03855_,14.76
_04148_,14.76
buf_b.mem\[1\]\[5\],14.76
net1151,14.76
_05232_,14.74
_05321_,14.74
buf_a.mem\[6\]\[7\],14.74
_03508_,14.72
_05013_,14.72
_05180_,14.72
_07211_,14.72
_03392_,14.7
_04129_,14.7
_05325_,14.7
_06566_,14.7
_07534_,14.7
net896,14.7
net1018,14.7
_06063_,14.695
_05598_,14.68
_05632_,14.68
_06232_,14.68
_06501_,14.68
_07645_,14.68
b3_d2\[6\],14.68
_05855_,14.675
_04126_,14.66
buf_b.mem\[5\]\[7\],14.66
net1241,14.66
_02602_,14.64
_04525_,14.64
_05643_,14.64
_05997_,14.64
result00[30],14.64
_03698_,14.62
_06364_,14.62
_07500_,14.62
_02998_,14.6
_05684_,14.6
_06175_,14.6
buf_b.mem\[9\]\[1\],14.6
_00027_,14.58
_00044_,14.58
_03787_,14.58
_04877_,14.58
_05215_,14.58
_08504_,14.58
_02746_,14.56
_02801_,14.56
_03774_,14.56
_03982_,14.56
_04884_,14.56
_05149_,14.56
_06561_,14.56
_08617_,14.56
_02267_,14.54
_02387_,14.54
_06114_,14.54
_06267_,14.54
result01[30],14.54
result01[7],14.54
result02[23],14.54
result02[4],14.54
result10[21],14.54
result20[16],14.54
result23[29],14.54
result32[13],14.54
result32[18],14.54
result32[3],14.54
result33[2],14.54
s_axis_a_data[0],14.54
net1289,14.54
_05992_,14.53
_07439_,14.52
_07603_,14.52
_07629_,14.52
_08611_,14.52
_02043_,14.5
_08558_,14.5
_04582_,14.48
_05423_,14.48
_06646_,14.48
_07265_,14.48
_07968_,14.48
net978,14.48
net1252,14.48
_02800_,14.46
_05499_,14.46
_08260_,14.46
net1229,14.46
_02273_,14.44
_04404_,14.44
_06656_,14.44
_06957_,14.44
_06995_,14.44
_07360_,14.44
_07763_,14.44
_02500_,14.42
_03402_,14.42
_06731_,14.42
_07764_,14.42
_07162_,14.41
_05229_,14.4
_08522_,14.4
_02442_,14.39
_03313_,14.385
_03587_,14.38
_04184_,14.38
_08207_,14.38
net1044,14.38
_03456_,14.36
_04007_,14.36
_05599_,14.36
_06476_,14.36
_08021_,14.36
_02215_,14.35
_00238_,14.34
_04545_,14.34
_06711_,14.34
_08591_,14.34
result12[25],14.34
_05947_,14.335
_04878_,14.32
_06616_,14.32
result13[2],14.32
_04265_,14.305
_01114_,14.3
_03131_,14.3
_03638_,14.3
_06229_,14.3
_07236_,14.3
_07673_,14.3
_02384_,14.28
_05254_,14.28
_06091_,14.28
_06307_,14.28
_02943_,14.26
_05331_,14.26
_08747_,14.26
_08486_,14.255
_03082_,14.24
_03662_,14.24
_05397_,14.24
_03241_,14.22
_04934_,14.22
net956,14.22
_02728_,14.2
_04891_,14.2
_06006_,14.2
_08369_,14.2
_04264_,14.195
_02579_,14.18
_02938_,14.18
_03154_,14.18
_04964_,14.18
_06632_,14.18
result11[30],14.18
_06323_,14.17
_07513_,14.17
_06332_,14.16
_07969_,14.16
net1046,14.16
_02953_,14.14
_02987_,14.14
_03355_,14.14
_03876_,14.14
_06848_,14.14
_06942_,14.14
_07585_,14.14
buf_a.mem\[5\]\[5\],14.14
net771,14.14
_05030_,14.13
_03590_,14.12
_04799_,14.12
_05518_,14.12
net1246,14.12
_00153_,14.1
_02355_,14.1
_04065_,14.1
_05452_,14.1
_05680_,14.1
_06391_,14.1
_06394_,14.095
_03183_,14.08
_05399_,14.08
_05722_,14.08
_07509_,14.08
_08072_,14.08
result03[23],14.08
result11[17],14.08
result13[13],14.08
result13[22],14.08
net871,14.08
_02818_,14.06
_04101_,14.06
_04394_,14.06
_04956_,14.06
_05197_,14.06
_07348_,14.06
_05612_,14.055
_02294_,14.04
_02429_,14.04
_02916_,14.04
_04138_,14.04
_04223_,14.04
_03296_,14.035
_02195_,14.02
_02629_,14.02
_03147_,14.02
_05458_,14.02
_06181_,14.02
_07492_,14.02
_07610_,14.02
buf_a.mem\[15\]\[3\],14.02
_04733_,14
_04974_,14
_05540_,14
_08681_,14
net675,14
_05730_,13.98
_07006_,13.98
_07910_,13.98
result11[20],13.98
result22[18],13.98
net1239,13.98
_03261_,13.96
_05789_,13.96
_06082_,13.96
net1068,13.96
_02491_,13.94
_03975_,13.94
_04186_,13.94
_05241_,13.94
_06809_,13.94
_07744_,13.94
a3_d1\[3\],13.94
_05459_,13.93
_01945_,13.92
_03668_,13.92
_05077_,13.92
_05760_,13.92
_06819_,13.92
_06839_,13.92
_07037_,13.92
buf_a.mem\[9\]\[3\],13.92
_05057_,13.9
_05470_,13.9
_05879_,13.9
_07481_,13.9
buf_a.mem\[4\]\[0\],13.9
net868,13.9
_00158_,13.88
_04152_,13.88
_08705_,13.88
_04221_,13.86
_05652_,13.86
_06679_,13.86
_06766_,13.86
_04589_,13.84
_01833_,13.82
_03007_,13.82
_06670_,13.82
_07441_,13.82
_06773_,13.815
_02528_,13.8
_02557_,13.8
_06653_,13.8
_06938_,13.8
_07909_,13.8
_08540_,13.8
_03067_,13.79
_02551_,13.78
_05857_,13.78
_06372_,13.78
_02534_,13.76
_03136_,13.76
_03919_,13.76
_04821_,13.76
_05121_,13.76
_06649_,13.76
_07443_,13.76
_08312_,13.76
_03945_,13.74
_06379_,13.74
_07099_,13.74
_07161_,13.74
_07634_,13.74
_07746_,13.74
_07989_,13.74
_08676_,13.74
buf_a.mem\[5\]\[7\],13.735
_04486_,13.72
_05842_,13.72
_06208_,13.72
_07290_,13.72
buf_a.mem\[10\]\[7\],13.72
result02[10],13.72
result12[22],13.72
result13[9],13.72
result31[0],13.72
net981,13.72
net779,13.705
_04083_,13.7
_04405_,13.7
_05067_,13.7
_08658_,13.7
_07878_,13.685
_03922_,13.68
_06230_,13.68
net973,13.68
_01575_,13.665
_00423_,13.66
_04536_,13.66
_05085_,13.66
net899,13.66
_02012_,13.64
_02914_,13.64
_04088_,13.64
_04991_,13.64
_06242_,13.64
net1290,13.64
_00622_,13.62
_01832_,13.62
_04896_,13.62
_05623_,13.62
_06185_,13.62
result13[16],13.62
_07070_,13.615
_06337_,13.6
_08439_,13.6
_08622_,13.6
_02214_,13.58
_02311_,13.58
_07596_,13.58
_03773_,13.56
_04300_,13.56
_04833_,13.56
_05728_,13.56
_05920_,13.56
_08028_,13.56
_03290_,13.54
_03964_,13.54
_04789_,13.54
_05200_,13.54
_05278_,13.54
_07113_,13.54
_08497_,13.54
_08541_,13.54
result02[8],13.54
_04331_,13.53
_02890_,13.52
_04922_,13.52
_05051_,13.52
_07871_,13.52
_07883_,13.52
result10[19],13.52
result13[11],13.52
_00046_,13.5
_03928_,13.5
_06444_,13.5
_07077_,13.5
_02552_,13.48
_05572_,13.48
_06471_,13.48
_07042_,13.48
_07445_,13.48
_07654_,13.48
buf_b.mem\[15\]\[2\],13.48
count\[2\],13.48
net957,13.48
_05243_,13.46
_06093_,13.46
_07059_,13.46
_08201_,13.46
_08436_,13.46
_08730_,13.46
net1108,13.46
_04067_,13.44
_04539_,13.44
_08181_,13.44
_01918_,13.42
_02250_,13.42
_02999_,13.42
_03025_,13.42
_03051_,13.42
_03168_,13.42
_03803_,13.42
_05211_,13.42
_07333_,13.42
_07703_,13.42
_08409_,13.42
_03316_,13.405
_01842_,13.4
_03353_,13.4
_03741_,13.4
_04276_,13.4
_05603_,13.4
_05873_,13.4
_06970_,13.4
_07407_,13.4
net1128,13.4
_06266_,13.39
_03166_,13.38
_04611_,13.38
_08651_,13.38
net1287,13.38
_04651_,13.36
_05383_,13.36
_06206_,13.36
_06582_,13.36
_07497_,13.36
_07892_,13.36
_04131_,13.345
_03694_,13.34
_04735_,13.34
_06880_,13.34
_07451_,13.34
_05185_,13.32
_08643_,13.32
result11[15],13.32
_02631_,13.3
_04384_,13.3
_04409_,13.3
_04511_,13.3
result10[25],13.3
result20[22],13.3
result21[0],13.3
_06389_,13.28
_06873_,13.28
_07854_,13.27
_08358_,13.265
_03209_,13.26
_03576_,13.26
_07167_,13.26
a2_d1\[3\],13.26
net1176,13.26
_07632_,13.255
_02512_,13.24
_08313_,13.23
_02747_,13.22
_03303_,13.22
_03304_,13.22
_03431_,13.22
_04671_,13.22
_07281_,13.22
_08118_,13.22
_01653_,13.205
_00048_,13.2
_07447_,13.2
_07834_,13.2
net1022,13.2
_00370_,13.18
_02399_,13.18
_03795_,13.18
_04104_,13.18
_05220_,13.18
_05717_,13.18
_06560_,13.18
_07781_,13.18
net1240,13.18
_03123_,13.17
_03530_,13.16
_03853_,13.16
_05435_,13.16
_05731_,13.16
_06524_,13.16
net898,13.16
_02843_,13.14
_03497_,13.14
net945,13.14
_01923_,13.12
_03336_,13.12
_04640_,13.12
_06411_,13.12
_07907_,13.12
_02606_,13.1
_04888_,13.1
_02459_,13.08
_02942_,13.08
_03976_,13.08
_04644_,13.08
_03138_,13.065
_02372_,13.06
_02849_,13.06
_03270_,13.06
_03730_,13.06
_04351_,13.06
_04754_,13.06
_06261_,13.06
_07605_,13.06
result00[23],13.06
result01[10],13.06
result01[20],13.06
result01[8],13.06
result02[7],13.06
result03[25],13.06
result03[5],13.06
result10[13],13.06
result10[17],13.06
result10[23],13.06
result11[21],13.06
result12[0],13.06
result12[14],13.06
result12[2],13.06
result12[5],13.06
result13[18],13.06
result13[1],13.06
result13[25],13.06
result13[3],13.06
result20[14],13.06
result20[20],13.06
result20[21],13.06
result20[28],13.06
result20[7],13.06
result21[18],13.06
result21[20],13.06
result21[2],13.06
result22[11],13.06
result22[28],13.06
result23[2],13.06
result23[7],13.06
result23[8],13.06
result30[12],13.06
result30[18],13.06
result30[2],13.06
result31[16],13.06
result31[19],13.06
result31[5],13.06
result32[11],13.06
result32[31],13.06
result33[11],13.06
result33[28],13.06
result33[8],13.06
net841,13.06
_02046_,13.04
_02609_,13.04
_02752_,13.04
_03885_,13.04
_06375_,13.04
_06836_,13.04
_02219_,13.02
_05319_,13.02
_05521_,13.02
_06787_,13.02
_07712_,13.02
_02513_,13
_03202_,13
_04906_,13
_04977_,13
_07106_,13
_08457_,13
_00377_,12.98
_04269_,12.97
_02535_,12.96
_02893_,12.96
_04912_,12.96
_05544_,12.96
_06263_,12.96
_07568_,12.96
buf_a.mem\[1\]\[2\],12.96
net754,12.96
net1253,12.955
_02896_,12.94
_04660_,12.94
_04881_,12.94
_06645_,12.94
_08684_,12.94
buf_b.row3\[5\],12.94
_07692_,12.935
_02428_,12.92
_04543_,12.92
_05500_,12.92
_06507_,12.92
_06919_,12.92
_07227_,12.92
_07429_,12.92
_08699_,12.92
net751,12.92
net1045,12.92
_03528_,12.9
_04726_,12.9
_06069_,12.9
_07172_,12.9
_00342_,12.88
_04984_,12.88
_05059_,12.88
_06325_,12.88
_07008_,12.88
_07372_,12.88
_08275_,12.88
_08593_,12.88
_07408_,12.875
_04390_,12.86
_07368_,12.86
net791,12.86
_02676_,12.84
_04094_,12.84
_05624_,12.84
_05677_,12.84
_05996_,12.84
_06024_,12.84
_06293_,12.84
_07891_,12.84
_05405_,12.82
_05865_,12.82
_06925_,12.82
_08384_,12.82
result01[31],12.82
_01668_,12.805
_03750_,12.8
_06532_,12.8
_06662_,12.8
_06998_,12.8
_07735_,12.8
_03477_,12.78
_04620_,12.78
_05206_,12.78
_05926_,12.78
_06106_,12.78
net1102,12.78
_02189_,12.76
_02669_,12.76
_07364_,12.76
_07812_,12.76
_08551_,12.76
net1165,12.76
_02986_,12.74
_03220_,12.74
_04099_,12.74
_05050_,12.74
_08566_,12.74
net1262,12.74
_06221_,12.735
_02322_,12.72
_02546_,12.72
_02899_,12.72
_03099_,12.72
_04855_,12.72
_06028_,12.72
_06234_,12.72
_06271_,12.72
net1125,12.72
_02857_,12.7
_03531_,12.7
_03824_,12.7
_08517_,12.7
result00[31],12.7
result01[21],12.7
result03[11],12.7
result13[8],12.7
result20[1],12.7
result20[31],12.7
result21[9],12.7
result22[14],12.7
result30[3],12.7
result30[8],12.7
result33[21],12.7
_03372_,12.68
_03390_,12.68
_03733_,12.68
_04482_,12.68
_05066_,12.68
_05700_,12.68
_06129_,12.68
_06868_,12.68
_08546_,12.68
_08657_,12.68
net918,12.68
_02538_,12.66
_03499_,12.66
_04106_,12.66
_04283_,12.66
_05320_,12.66
_05454_,12.66
_07482_,12.66
_02841_,12.65
_03217_,12.64
_05357_,12.64
_08402_,12.64
_08448_,12.64
result32[21],12.63
_04097_,12.62
_04391_,12.62
_04969_,12.62
_08307_,12.62
_08704_,12.62
result02[28],12.62
result10[16],12.62
result11[7],12.62
result30[24],12.62
result32[17],12.62
s_axis_a_ready,12.62
_00038_,12.6
_02488_,12.6
_03475_,12.6
_05299_,12.6
_06013_,12.6
_07607_,12.6
result00[27],12.6
result03[7],12.6
result21[1],12.6
result23[22],12.6
_02708_,12.58
_02939_,12.58
_03791_,12.58
_06485_,12.58
_07857_,12.58
_08032_,12.58
net866,12.58
net1130,12.58
_02751_,12.56
_03821_,12.56
_04542_,12.56
_06436_,12.56
_07550_,12.56
_07867_,12.56
_02596_,12.555
_00705_,12.55
_03903_,12.54
_04371_,12.54
_04426_,12.54
_04965_,12.54
_05141_,12.54
_05385_,12.54
_05398_,12.54
_05514_,12.54
_05597_,12.54
_07304_,12.54
_07915_,12.54
_08429_,12.54
_08524_,12.54
_05433_,12.53
_00041_,12.52
_02571_,12.52
_03002_,12.52
_07102_,12.52
_08437_,12.52
result23[3],12.52
_02417_,12.5
_03939_,12.5
_05849_,12.5
_07762_,12.5
_08018_,12.5
_00366_,12.485
_06041_,12.48
_08100_,12.48
_08672_,12.48
_02560_,12.46
_02727_,12.46
_03850_,12.46
_04032_,12.46
_04570_,12.46
_05726_,12.46
_06600_,12.46
_05175_,12.455
_03080_,12.44
_04127_,12.44
_04167_,12.44
_05640_,12.44
_05856_,12.44
_06737_,12.44
_07416_,12.44
_08122_,12.44
_08481_,12.44
_06226_,12.43
_04056_,12.42
_04336_,12.42
_04856_,12.42
_05061_,12.42
_05124_,12.42
_00434_,12.405
_05281_,12.4
_02663_,12.39
_02405_,12.38
_02840_,12.38
_05977_,12.38
_06622_,12.38
_06658_,12.38
_08528_,12.38
net855,12.38
_02360_,12.36
_04054_,12.36
_05333_,12.36
_05613_,12.36
_06580_,12.36
_06603_,12.36
_06884_,12.36
_08660_,12.36
result20[3],12.36
_01855_,12.34
_02014_,12.34
_02518_,12.34
_02779_,12.34
_06833_,12.34
_07455_,12.34
_07664_,12.34
_07995_,12.34
_08300_,12.34
_04597_,12.33
_02695_,12.32
_03335_,12.32
_03747_,12.32
_07456_,12.32
_07694_,12.32
_00129_,12.3
_00252_,12.3
_00572_,12.3
_05208_,12.3
_06201_,12.3
_06544_,12.3
_07517_,12.3
_08225_,12.3
buf_b.mem\[12\]\[7\],12.3
net1000,12.3
_03134_,12.29
_00030_,12.28
_03035_,12.28
_03092_,12.28
_04181_,12.28
_04887_,12.28
_05162_,12.28
_06883_,12.28
a3_d2\[1\],12.28
net951,12.28
_05791_,12.27
_00372_,12.26
_02805_,12.26
_06017_,12.26
_08695_,12.26
_07019_,12.25
_02690_,12.24
_03552_,12.24
_04012_,12.24
_04140_,12.24
_04978_,12.24
_08405_,12.24
_03911_,12.22
_05516_,12.22
_06709_,12.22
_07539_,12.22
_07706_,12.22
count\[4\],12.22
net804,12.22
_02018_,12.2
_02644_,12.2
_04729_,12.2
_07600_,12.2
_07905_,12.2
b3_d2\[0\],12.2
_05303_,12.18
_05853_,12.18
buf_a.mem\[2\]\[4\],12.18
net924,12.18
net1263,12.18
_01593_,12.165
_02037_,12.16
_03027_,12.16
_03063_,12.16
_04189_,12.16
_07115_,12.16
_08380_,12.16
buf_b.mem\[1\]\[3\],12.16
result30[26],12.16
result33[5],12.16
net610,12.16
net1159,12.16
_04992_,12.14
_06203_,12.14
_06996_,12.14
_07085_,12.14
_08064_,12.14
_08084_,12.14
_08468_,12.14
result02[6],12.14
result03[2],12.14
result11[25],12.14
result12[16],12.14
result12[8],12.14
result13[7],12.14
result20[8],12.14
result21[13],12.14
result31[1],12.14
result33[12],12.14
net1243,12.14
_02408_,12.12
_02955_,12.12
_03395_,12.12
_03451_,12.12
_03744_,12.12
_04030_,12.12
_06509_,12.12
_06625_,12.12
net1087,12.12
_02548_,12.1
_03710_,12.1
_05338_,12.1
_05704_,12.1
_08040_,12.1
_08240_,12.1
buf_b.mem\[9\]\[7\],12.1
net814,12.1
_03488_,12.08
_03702_,12.08
_04693_,12.08
_04783_,12.08
_05716_,12.08
_07626_,12.08
_07966_,12.08
_08420_,12.08
_08493_,12.08
net948,12.08
_04489_,12.06
_05401_,12.06
_05750_,12.06
_06491_,12.06
_01571_,12.045
_01973_,12.04
_03087_,12.04
_04280_,12.04
_06150_,12.04
_07974_,12.04
net1234,12.04
net1236,12.04
_04058_,12.02
_04551_,12.02
_04581_,12.02
_05190_,12.02
_08005_,12.02
_08386_,12.02
_03884_,12
_04089_,12
_04196_,12
_04662_,12
_06118_,12
_06310_,12
_06428_,12
_07590_,12
_08418_,12
_02908_,11.98
_04136_,11.98
_04917_,11.98
_06136_,11.98
_07707_,11.98
_02455_,11.96
_04042_,11.96
_04546_,11.96
_06313_,11.96
_07350_,11.96
_02635_,11.94
_04946_,11.94
net661,11.94
_02628_,11.92
_02844_,11.92
_03351_,11.92
_03439_,11.92
_07363_,11.92
_08186_,11.92
_02863_,11.91
_04093_,11.9
_04312_,11.9
_04645_,11.9
_04668_,11.9
_05071_,11.89
_02772_,11.88
_03874_,11.88
_04145_,11.88
_04154_,11.88
_04889_,11.88
_05315_,11.88
_05886_,11.88
_06445_,11.88
_07589_,11.88
_07614_,11.88
_08245_,11.88
_08262_,11.88
_08414_,11.88
buf_a.mem\[15\]\[2\],11.88
net1050,11.88
_05604_,11.87
_00871_,11.86
_06489_,11.86
_07208_,11.86
_07325_,11.86
_03020_,11.84
_03250_,11.84
_03375_,11.84
_03658_,11.84
_04121_,11.84
_05456_,11.84
_06714_,11.84
_06963_,11.84
_07769_,11.84
_07946_,11.84
net1220,11.84
_00296_,11.82
_00569_,11.82
_07929_,11.82
buf_a.mem\[5\]\[1\],11.82
net1255,11.82
_02646_,11.8
_05862_,11.8
buf_a.mem\[5\]\[4\],11.8
_02525_,11.795
_05596_,11.78
_05998_,11.78
_07423_,11.78
net1135,11.78
_02937_,11.77
_03205_,11.76
_03808_,11.76
_04677_,11.76
_04857_,11.76
_05253_,11.76
_05642_,11.76
_08477_,11.76
_08499_,11.76
_08646_,11.76
net925,11.76
_01516_,11.745
_03145_,11.74
_04216_,11.74
_05295_,11.74
_06262_,11.74
_07245_,11.74
net1196,11.74
_02586_,11.72
_06951_,11.72
net757,11.72
_03417_,11.7
_05310_,11.7
_06921_,11.7
_07163_,11.7
_08004_,11.7
result32[19],11.7
_02464_,11.68
_03199_,11.68
_03293_,11.68
_03394_,11.68
_04802_,11.68
_04830_,11.68
_05106_,11.68
_05475_,11.68
_06590_,11.68
_06722_,11.68
_06901_,11.68
_08620_,11.68
buf_a.mem\[7\]\[2\],11.68
result01[4],11.68
result11[26],11.68
result20[0],11.68
result20[2],11.68
result22[10],11.68
s_axis_b_data[6],11.68
_03495_,11.66
_03622_,11.66
_04144_,11.66
_05469_,11.66
_06358_,11.66
_07210_,11.66
_07355_,11.66
_07699_,11.66
_07756_,11.66
_08193_,11.66
net944,11.66
net1047,11.66
_06720_,11.65
_02450_,11.64
_02770_,11.64
_03993_,11.64
_04433_,11.64
_06504_,11.64
_06977_,11.64
_07761_,11.64
_08584_,11.64
_08652_,11.64
_02797_,11.63
_06739_,11.63
_00553_,11.62
_02007_,11.62
_02862_,11.62
_03732_,11.62
_04192_,11.62
_04637_,11.62
_04860_,11.62
_06534_,11.62
_07104_,11.62
_07339_,11.62
_08404_,11.62
_08586_,11.62
net1277,11.62
_04091_,11.6
_06637_,11.6
_07963_,11.6
net1139,11.6
_02035_,11.58
_02299_,11.58
_02483_,11.58
_02785_,11.58
_03005_,11.58
_03169_,11.58
_04062_,11.58
_04493_,11.58
_06134_,11.58
buf_b.mem\[7\]\[1\],11.58
net974,11.58
net1060,11.58
_02446_,11.56
_02470_,11.56
_02658_,11.56
_02950_,11.56
_03011_,11.56
_03471_,11.56
_03553_,11.56
_04322_,11.56
_04368_,11.56
_04410_,11.56
_05474_,11.56
_07779_,11.56
_08363_,11.56
_08648_,11.56
_02410_,11.54
_03026_,11.54
_03681_,11.54
_04537_,11.54
_05202_,11.54
_06661_,11.54
_02396_,11.52
_03701_,11.52
_07011_,11.52
_07013_,11.52
_08135_,11.52
_03722_,11.51
_03670_,11.5
_04298_,11.5
_05899_,11.5
net923,11.5
net1202,11.5
_01480_,11.48
_02589_,11.48
_04203_,11.48
_05486_,11.48
_06514_,11.48
_07923_,11.48
_08351_,11.48
net977,11.48
net1134,11.48
_00223_,11.46
_05546_,11.46
_05629_,11.46
_05699_,11.46
_05713_,11.46
_06094_,11.46
_06511_,11.46
_06727_,11.46
_07190_,11.46
_07724_,11.46
_05237_,11.45
_03309_,11.44
_05637_,11.44
_07933_,11.44
_02217_,11.42
_02572_,11.42
_03317_,11.42
_03642_,11.42
_04027_,11.42
_04626_,11.42
_05304_,11.42
_05962_,11.42
_06147_,11.42
_06733_,11.42
_06886_,11.42
_07303_,11.42
_07316_,11.42
_07890_,11.42
_05223_,11.415
_02891_,11.4
_02997_,11.38
_05026_,11.38
net964,11.38
net972,11.38
net1233,11.38
_00380_,11.36
_02265_,11.36
_07420_,11.36
_08694_,11.36
net1085,11.36
net1160,11.36
_01839_,11.34
_03294_,11.34
_04937_,11.34
_05068_,11.34
_05219_,11.34
_05356_,11.34
_07141_,11.34
_07622_,11.34
_00003_,11.32
_03218_,11.32
_03440_,11.32
_04026_,11.32
_04565_,11.32
_05216_,11.32
_06132_,11.32
_07843_,11.32
buf_a.mem\[10\]\[2\],11.32
net599,11.32
_01193_,11.3
_02425_,11.3
_05923_,11.3
_06779_,11.3
_07184_,11.3
_08101_,11.3
_08556_,11.3
_08727_,11.3
net1028,11.3
_01484_,11.28
_02332_,11.28
_02808_,11.28
_03424_,11.28
_04800_,11.28
_04814_,11.28
_05125_,11.28
_05836_,11.28
_07066_,11.28
_08173_,11.28
_08734_,11.28
_07641_,11.275
_02758_,11.265
_00309_,11.26
_02369_,11.26
_07795_,11.26
result00[18],11.26
result11[28],11.26
result12[12],11.26
result12[28],11.26
result13[30],11.26
result20[5],11.26
result21[19],11.26
result33[15],11.26
_01693_,11.245
_03343_,11.24
_04615_,11.24
_05105_,11.24
_06098_,11.24
_06202_,11.24
_07709_,11.24
result01[0],11.24
result03[14],11.24
result32[0],11.24
net1237,11.24
_06396_,11.23
_02504_,11.22
_04053_,11.22
_04086_,11.22
_06441_,11.22
_07980_,11.22
_08346_,11.22
_08515_,11.22
result02[1],11.22
result30[9],11.22
s_axis_a_data[4],11.22
_03297_,11.2
_03879_,11.2
_04262_,11.2
_04462_,11.2
_05927_,11.2
_06338_,11.2
_06397_,11.2
_06554_,11.2
_06710_,11.2
_08178_,11.2
_08202_,11.2
_08308_,11.2
buf_a.mem\[2\]\[3\],11.2
net1100,11.2
_02736_,11.18
_03142_,11.18
_03339_,11.18
_03816_,11.18
_04014_,11.18
_04940_,11.18
_05959_,11.18
_05994_,11.18
_06092_,11.18
_06474_,11.18
_05104_,11.16
_05939_,11.16
_06288_,11.16
_06330_,11.16
_08046_,11.16
_03657_,11.15
_06725_,11.15
_04071_,11.14
_05363_,11.14
_08401_,11.135
_06231_,11.13
_02699_,11.12
_02940_,11.12
_05048_,11.12
_05749_,11.12
_06168_,11.12
_06369_,11.12
_06960_,11.12
buf_b.mem\[11\]\[5\],11.12
net938,11.12
_02420_,11.1
_02554_,11.1
_03333_,11.1
_03769_,11.1
_04345_,11.1
_04466_,11.1
_04806_,11.1
_04847_,11.1
_05725_,11.1
_07523_,11.1
_08114_,11.1
_02302_,11.08
_02932_,11.08
_03237_,11.08
_03672_,11.08
_03895_,11.08
_04774_,11.08
_06461_,11.08
_07545_,11.08
_03357_,11.06
_04037_,11.06
_05753_,11.06
_06072_,11.06
_06541_,11.06
_08080_,11.06
_04306_,11.05
_03684_,11.04
_03768_,11.04
_05685_,11.04
_05860_,11.04
net621,11.04
_03618_,11.02
_04135_,11.02
_06409_,11.02
_07717_,11.02
_00673_,11.01
_03925_,11.01
_01525_,11.005
_03501_,11
_03770_,11
_03940_,11
_06567_,11
_07283_,11
_07611_,11
_08123_,11
result00[12],11
result00[16],11
result00[8],11
result11[22],11
result13[15],11
result22[20],11
result32[23],11
_02519_,10.98
_03140_,10.98
_04060_,10.98
_04198_,10.98
_05089_,10.98
_07573_,10.98
_07899_,10.98
_01810_,10.96
_02520_,10.96
_02921_,10.96
_03277_,10.96
_03924_,10.96
_04160_,10.96
_04457_,10.96
_04928_,10.96
_07214_,10.96
_08057_,10.96
_08060_,10.96
_08740_,10.96
net1169,10.96
_02873_,10.94
_03544_,10.94
_04357_,10.94
_03757_,10.92
_05621_,10.92
_07256_,10.92
_07624_,10.92
_08160_,10.92
s_axis_b_data[1],10.91
_03914_,10.9
_05004_,10.9
_06958_,10.9
net772,10.9
net852,10.9
net1178,10.9
net1244,10.9
net1247,10.9
_02721_,10.88
_03540_,10.88
_04682_,10.88
_05179_,10.88
_05390_,10.88
_07531_,10.88
net1103,10.88
_02059_,10.86
_03014_,10.86
_05392_,10.86
_06872_,10.86
_07145_,10.86
_08277_,10.86
net632,10.86
net1280,10.86
_01686_,10.845
_00192_,10.84
_00346_,10.84
_02509_,10.84
_03196_,10.84
_03890_,10.84
_04902_,10.84
_05242_,10.84
_06166_,10.84
_07720_,10.84
buf_b.mem\[2\]\[1\],10.84
_04517_,10.835
_02622_,10.82
_03160_,10.82
_03484_,10.82
_04179_,10.82
_04631_,10.82
_04854_,10.82
_05553_,10.82
_05965_,10.82
_06071_,10.82
_06505_,10.82
_08383_,10.82
net853,10.82
_01243_,10.8
_04575_,10.8
_07010_,10.8
b3_d2\[5\],10.8
result10[8],10.8
result20[11],10.8
result23[15],10.8
result30[29],10.8
net970,10.8
_08166_,10.79
_01607_,10.78
_02266_,10.78
_02326_,10.78
_03913_,10.78
_05802_,10.78
_06295_,10.78
_07713_,10.78
_08138_,10.78
result02[21],10.78
net1177,10.78
_02501_,10.76
_04898_,10.76
_05272_,10.76
_05418_,10.76
_05711_,10.76
_06705_,10.76
result00[3],10.76
result02[12],10.76
result10[3],10.76
result20[18],10.76
result23[11],10.76
result33[10],10.76
_02691_,10.74
_02956_,10.74
_03569_,10.74
_03817_,10.74
_04849_,10.74
_08002_,10.74
net832,10.74
net890,10.74
net930,10.74
net1043,10.74
_01957_,10.72
_04274_,10.72
_04653_,10.72
_05647_,10.72
_06383_,10.72
_06791_,10.72
_06907_,10.72
_07151_,10.72
_07313_,10.72
_08010_,10.72
buf_b.mem\[2\]\[7\],10.72
_01691_,10.705
_00157_,10.7
_07898_,10.7
_08288_,10.7
_08482_,10.7
_07266_,10.695
_08458_,10.695
_07718_,10.68
_07765_,10.68
_07848_,10.68
_02559_,10.675
_06626_,10.67
_01979_,10.66
_02688_,10.66
_03226_,10.66
_04297_,10.66
_04703_,10.66
_06841_,10.66
_07544_,10.66
_08111_,10.66
_08637_,10.66
_02854_,10.64
_02900_,10.64
_02992_,10.64
_03358_,10.64
_03520_,10.64
_04119_,10.64
_05687_,10.64
_05831_,10.64
_07370_,10.64
_08171_,10.64
net910,10.64
net1171,10.64
_05416_,10.635
net620,10.625
_03061_,10.62
_03230_,10.62
_03899_,10.62
_04911_,10.62
_05218_,10.62
_05269_,10.62
_05323_,10.62
_05721_,10.62
_06121_,10.62
_06434_,10.62
_06844_,10.62
state\[1\],10.62
net854,10.62
net965,10.62
_03216_,10.6
_03521_,10.6
_05293_,10.6
_05982_,10.6
net1207,10.6
_01517_,10.585
_02307_,10.58
_05951_,10.58
_06160_,10.58
_06975_,10.58
buf_a.mem\[3\]\[6\],10.58
_02703_,10.57
_03872_,10.56
_04132_,10.56
_04229_,10.56
_06614_,10.56
_06786_,10.56
_07563_,10.56
_03387_,10.54
_04314_,10.54
_04866_,10.54
_07674_,10.54
_02876_,10.52
_05008_,10.52
net1162,10.52
_01688_,10.505
_02655_,10.5
_03596_,10.5
_03927_,10.5
_04423_,10.5
_04523_,10.5
_05296_,10.5
_05618_,10.5
_06137_,10.5
_06770_,10.5
_06905_,10.5
_07620_,10.5
_07658_,10.5
_08683_,10.5
_08478_,10.495
_02887_,10.49
net915,10.475
_06598_,10.47
_00056_,10.46
_03054_,10.46
_04685_,10.46
_05676_,10.46
_05948_,10.46
buf_a.mem\[1\]\[7\],10.46
buf_b.mem\[3\]\[5\],10.46
buf_b.mem\[5\]\[0\],10.46
_05130_,10.45
_03709_,10.44
_04993_,10.44
_05102_,10.44
_06862_,10.44
a3_d1\[5\],10.44
net580,10.44
net1038,10.44
_03632_,10.435
_03857_,10.42
_04090_,10.42
_04999_,10.42
_05577_,10.42
_06173_,10.42
_06563_,10.42
_07340_,10.42
s_axis_a_data[1],10.42
s_axis_b_data[3],10.42
s_axis_b_data[4],10.42
net1067,10.42
_00417_,10.4
_00496_,10.4
_02507_,10.4
_03674_,10.4
_04055_,10.4
_04757_,10.4
_04988_,10.4
_06116_,10.4
_06788_,10.4
_07777_,10.4
_07986_,10.4
net591,10.4
net1238,10.4
_02748_,10.38
_03620_,10.38
_03636_,10.38
_04122_,10.38
_04948_,10.38
_06241_,10.38
_07095_,10.38
_08213_,10.38
_06668_,10.37
_04256_,10.36
_04577_,10.36
_04609_,10.36
_07108_,10.36
_07390_,10.36
net544,10.36
_02228_,10.34
_02330_,10.34
_03173_,10.34
_04092_,10.34
_06989_,10.34
result02[16],10.34
result12[17],10.34
result12[31],10.34
net1286,10.34
_02068_,10.32
_02686_,10.32
_02990_,10.32
_04031_,10.32
_04128_,10.32
_05201_,10.32
_06690_,10.32
_06985_,10.32
_07647_,10.32
_07807_,10.32
_08294_,10.32
result02[17],10.32
result13[27],10.32
_03245_,10.3
_03892_,10.3
_06016_,10.3
_06303_,10.3
net999,10.3
_07320_,10.295
_04243_,10.285
_02775_,10.28
_02831_,10.28
_02920_,10.28
_03040_,10.28
_03125_,10.28
_03158_,10.28
_03610_,10.28
_04522_,10.28
_04768_,10.28
_05334_,10.28
_05894_,10.28
_05910_,10.28
_06417_,10.28
_07738_,10.28
_02737_,10.26
_04137_,10.26
_06112_,10.26
_02874_,10.255
_01696_,10.245
_02262_,10.24
_02499_,10.24
_03537_,10.24
_03832_,10.24
_04176_,10.24
_04927_,10.24
_05738_,10.24
_06834_,10.24
_07326_,10.24
_07581_,10.24
_08615_,10.24
net663,10.24
_05466_,10.22
_08469_,10.22
_08553_,10.22
net1266,10.22
_00361_,10.2
_01790_,10.2
_02584_,10.2
_02912_,10.2
_03437_,10.2
_03617_,10.2
_04232_,10.2
_05372_,10.2
_05657_,10.2
_05866_,10.2
_08333_,10.2
_03736_,10.18
_08297_,10.18
_00809_,10.16
_02624_,10.16
_03311_,10.16
_03751_,10.16
_05177_,10.16
_06039_,10.16
_06373_,10.16
_06508_,10.16
_06525_,10.16
_06609_,10.16
_06657_,10.16
_06742_,10.16
_07206_,10.16
_07367_,10.16
_08304_,10.16
buf_b.mem\[0\]\[2\],10.16
buf_b.mem\[1\]\[1\],10.16
net1174,10.16
_04108_,10.155
_01538_,10.145
_07797_,10.14
_08051_,10.14
_00944_,10.12
_02711_,10.12
_03458_,10.12
_04741_,10.12
_07222_,10.12
_08151_,10.12
buf_a.mem\[3\]\[5\],10.12
_03711_,10.11
_02553_,10.1
_02633_,10.1
_03219_,10.1
_06414_,10.1
net662,10.1
_02951_,10.08
_03284_,10.08
_03631_,10.08
_05400_,10.08
_06090_,10.08
_06149_,10.08
_06331_,10.08
_07128_,10.08
_08034_,10.08
result01[2],10.08
_03482_,10.075
_02457_,10.06
_03367_,10.06
_04061_,10.06
_05184_,10.06
_05674_,10.06
_06472_,10.06
_07630_,10.06
_07643_,10.06
_08082_,10.06
net995,10.06
net1066,10.06
_01711_,10.055
_03991_,10.055
_03356_,10.045
_02783_,10.04
_03479_,10.04
_03506_,10.04
_04583_,10.04
_05534_,10.04
_05617_,10.04
_05941_,10.04
_06179_,10.04
_07053_,10.04
_08015_,10.04
buf_b.mem\[3\]\[1\],10.04
_00260_,10.02
_00502_,10.02
_01379_,10.02
_02760_,10.02
_04165_,10.02
_07661_,10.02
_08736_,10.02
net671,10.02
_02186_,10
_02946_,10
_03232_,10
_04976_,10
_06955_,10
_07577_,10
_08686_,10
net1231,10
_00328_,9.98
_01896_,9.98
_02016_,9.98
_03500_,9.98
_04541_,9.98
_04951_,9.98
_06575_,9.98
net659,9.98
_03598_,9.96
_04255_,9.96
_04494_,9.96
_04683_,9.96
_04883_,9.96
_05314_,9.96
buf_a.mem\[12\]\[2\],9.96
net849,9.96
_02452_,9.95
_01857_,9.94
_04332_,9.94
_05563_,9.94
_06336_,9.94
_07491_,9.94
_07588_,9.94
_07705_,9.94
_07872_,9.94
_08441_,9.94
_08568_,9.94
_08572_,9.94
a3_d2\[6\],9.94
buf_b.mem\[1\]\[2\],9.94
net1056,9.94
_04803_,9.935
_02607_,9.92
_03314_,9.92
_03783_,9.92
_04547_,9.92
_04900_,9.92
_06321_,9.92
_06395_,9.92
_06642_,9.92
_06687_,9.92
_07241_,9.92
_08255_,9.92
_02853_,9.9
_03591_,9.9
_04501_,9.9
_05167_,9.9
_05900_,9.9
_07901_,9.9
_08148_,9.9
_08427_,9.9
_01816_,9.88
_05591_,9.88
_05983_,9.88
_07900_,9.88
result21[17],9.87
_02368_,9.86
_04147_,9.86
_05431_,9.86
_05559_,9.86
_07758_,9.86
_08085_,9.86
b2_d1\[7\],9.86
buf_a.mem\[4\]\[5\],9.86
net986,9.86
net1083,9.86
_07216_,9.845
_02469_,9.84
_04428_,9.84
_04728_,9.84
_05210_,9.84
_05574_,9.84
_05587_,9.84
_06040_,9.84
_08710_,9.84
_03400_,9.835
_01875_,9.82
_02928_,9.82
_03420_,9.82
_03789_,9.82
_04460_,9.82
_04557_,9.82
_04673_,9.82
_04844_,9.82
_05606_,9.82
_06096_,9.82
_06798_,9.82
_06918_,9.82
_07149_,9.82
_07285_,9.82
_07635_,9.82
net825,9.82
net962,9.82
net1027,9.82
net1096,9.82
net1291,9.82
_04248_,9.815
_02094_,9.8
_02098_,9.8
_03641_,9.8
_03836_,9.8
_05675_,9.8
_08097_,9.8
_08162_,9.8
buf_a.mem\[2\]\[1\],9.8
buf_a.mem\[4\]\[4\],9.8
net1179,9.8
net1210,9.8
_08503_,9.785
_02005_,9.78
_04476_,9.78
_05921_,9.78
_06510_,9.78
_07361_,9.78
_07691_,9.78
_04824_,9.76
_06254_,9.76
_06415_,9.76
_06815_,9.76
_06885_,9.76
_08547_,9.76
_03715_,9.75
_08067_,9.75
_01967_,9.74
_02696_,9.74
_04899_,9.74
_05198_,9.74
_05666_,9.74
_06438_,9.74
_07984_,9.74
_08281_,9.74
_04997_,9.73
_02474_,9.725
_03034_,9.72
net1035,9.72
buf_a.mem\[9\]\[2\],9.71
_01989_,9.7
_02720_,9.7
_04082_,9.7
_05196_,9.7
_05605_,9.7
_05705_,9.7
_06274_,9.7
_06723_,9.7
_06965_,9.7
_08619_,9.7
_08654_,9.7
_02959_,9.685
_04231_,9.68
_05233_,9.68
_05420_,9.68
_06260_,9.68
_08685_,9.68
result23[18],9.67
_04496_,9.66
_05776_,9.66
_07314_,9.66
_07356_,9.66
net595,9.66
net1091,9.66
_02653_,9.64
_02820_,9.64
_02882_,9.64
_03291_,9.64
_06031_,9.64
_08113_,9.64
_08580_,9.64
result30[22],9.64
net784,9.64
_00575_,9.62
_00758_,9.62
_02423_,9.62
_03253_,9.62
_04096_,9.62
_04252_,9.62
_05988_,9.62
_06597_,9.62
_06831_,9.62
_07177_,9.62
_07488_,9.62
_06252_,9.615
_02473_,9.6
_02508_,9.6
_02786_,9.6
_04270_,9.6
_05655_,9.6
_08511_,9.6
_02837_,9.58
_03238_,9.58
_03898_,9.58
_04146_,9.58
_05800_,9.58
_07828_,9.58
_07875_,9.58
_08013_,9.58
_08027_,9.58
_07436_,9.56
buf_a.mem\[6\]\[4\],9.56
_07292_,9.555
_02383_,9.54
_04731_,9.54
_06218_,9.54
_06993_,9.54
_07046_,9.54
_07863_,9.54
buf_b.mem\[12\]\[2\],9.54
_04863_,9.53
_08382_,9.52
net822,9.52
net892,9.52
net1149,9.52
_05248_,9.505
_04013_,9.5
_04388_,9.5
_05011_,9.5
_05754_,9.5
_05803_,9.5
_06127_,9.5
_06971_,9.5
_07583_,9.5
_07604_,9.5
_00024_,9.48
_03058_,9.48
_03119_,9.48
_03312_,9.48
_03453_,9.48
_04932_,9.48
_05136_,9.48
_05878_,9.48
_06257_,9.48
_06810_,9.48
_08134_,9.48
_08550_,9.48
_08721_,9.48
net1109,9.48
_00591_,9.47
_02226_,9.46
_03524_,9.46
_05117_,9.46
_05846_,9.46
_06289_,9.46
_08106_,9.46
count\[3\],9.46
_02847_,9.44
_03714_,9.44
_03737_,9.44
_04526_,9.44
_07044_,9.44
_07609_,9.44
result21[14],9.43
_01772_,9.42
_02965_,9.42
_03399_,9.42
_04292_,9.42
_08403_,9.42
_08501_,9.42
_08624_,9.42
result33[24],9.42
net1222,9.42
_00272_,9.4
_01654_,9.4
_02574_,9.4
_02941_,9.4
_04442_,9.4
_05693_,9.4
_08502_,9.4
net862,9.4
_03613_,9.38
_04641_,9.38
_05251_,9.38
_06155_,9.38
_06290_,9.38
_07759_,9.38
_07822_,9.38
_08642_,9.375
_03268_,9.37
_00319_,9.365
_01779_,9.36
_01981_,9.36
_01998_,9.36
_02245_,9.36
_03735_,9.36
_03926_,9.36
_04278_,9.36
_04516_,9.36
_04675_,9.36
_05093_,9.36
_05166_,9.36
_05294_,9.36
_05715_,9.36
_06814_,9.36
_07616_,9.36
_07657_,9.36
_07684_,9.36
_08354_,9.36
b3_d1\[0\],9.36
net1137,9.36
_03429_,9.34
_03910_,9.34
_05787_,9.34
_06746_,9.34
_07000_,9.34
_07366_,9.34
buf_b.mem\[14\]\[1\],9.34
_03053_,9.32
_05231_,9.32
_05382_,9.32
_06870_,9.32
net982,9.32
net1293,9.32
result31[9],9.31
_01566_,9.305
_02605_,9.3
_02773_,9.3
_05078_,9.3
_05316_,9.3
_08183_,9.3
_04666_,9.295
_00140_,9.28
_02065_,9.28
_03685_,9.28
_04498_,9.28
_05285_,9.28
_06377_,9.28
_07675_,9.28
_07723_,9.28
_08463_,9.28
_08507_,9.28
net1136,9.28
net1168,9.28
net1213,9.28
_02541_,9.275
_00131_,9.265
_02954_,9.26
_03328_,9.26
_03415_,9.26
_03428_,9.26
_03734_,9.26
_03804_,9.26
_04628_,9.26
_04918_,9.26
_04921_,9.26
_06014_,9.26
_06774_,9.26
_07262_,9.26
_07362_,9.26
_07862_,9.26
_07990_,9.26
_08335_,9.26
buf_a.mem\[12\]\[1\],9.26
_05387_,9.25
_08715_,9.25
_02181_,9.24
_02562_,9.24
_03796_,9.24
_04234_,9.24
_04604_,9.24
_05695_,9.24
_06133_,9.24
_06216_,9.24
_06589_,9.24
_06813_,9.24
_07810_,9.24
net1267,9.24
_01203_,9.23
_08421_,9.23
net625,9.225
_02026_,9.22
_03712_,9.22
_03792_,9.22
_05953_,9.22
_07489_,9.22
_08155_,9.22
_00596_,9.21
_00964_,9.21
_06359_,9.2
_08362_,9.2
_08729_,9.185
_01970_,9.18
_03425_,9.18
_05009_,9.18
_05412_,9.18
rst,9.18
net985,9.18
_00215_,9.16
_03059_,9.16
_06058_,9.16
_06655_,9.16
_07200_,9.16
_07382_,9.16
_07704_,9.16
_02516_,9.14
_02825_,9.14
_03856_,9.14
_04250_,9.14
_04858_,9.14
_05689_,9.14
_08488_,9.14
buf_b.mem\[13\]\[5\],9.14
net1010,9.14
_04676_,9.13
_07298_,9.125
_03883_,9.12
_04279_,9.12
_05119_,9.12
_06401_,9.12
_06408_,9.12
_06468_,9.12
_06966_,9.12
_07663_,9.12
_00263_,9.1
_06821_,9.1
_00398_,9.08
_02930_,9.08
_02971_,9.08
_04011_,9.08
_06536_,9.08
_06946_,9.08
buf_a.mem\[10\]\[5\],9.08
buf_a.mem\[6\]\[0\],9.08
net931,9.08
net1228,9.08
net1254,9.08
_00216_,9.06
_01987_,9.06
_02212_,9.06
_03108_,9.06
_03996_,9.06
_05622_,9.06
_06002_,9.06
_06353_,9.06
_07196_,9.06
_08220_,9.06
_08506_,9.06
net979,9.06
net1193,9.06
_03081_,9.055
_03003_,9.05
_05930_,9.05
_00519_,9.04
_01929_,9.04
_04853_,9.04
_04923_,9.04
_05322_,9.04
_05773_,9.04
_05892_,9.04
_06020_,9.04
_06769_,9.04
_06912_,9.04
_07164_,9.04
_07237_,9.04
_07615_,9.04
_07633_,9.04
_08039_,9.04
_08249_,9.04
_08377_,9.04
_08518_,9.04
buf_a.mem\[12\]\[0\],9.04
buf_a.mem\[7\]\[6\],9.04
buf_a.mem\[8\]\[3\],9.04
net1012,9.04
_04834_,9.035
_05007_,9.035
_00143_,9.02
_01969_,9.02
_02649_,9.02
_02865_,9.02
_02931_,9.02
_02996_,9.02
_03505_,9.02
_03754_,9.02
_04045_,9.02
_04506_,9.02
_04556_,9.02
_05804_,9.02
_06488_,9.02
_06835_,9.02
_06896_,9.02
_07708_,9.02
_08339_,9.02
_08454_,9.02
_08456_,9.02
b3_d2\[4\],9.02
buf_a.row1\[3\],9.02
buf_b.mem\[1\]\[6\],9.02
net622,9.02
net1014,9.02
_06673_,9.015
_07578_,9.01
_00007_,9
_02989_,9
_03227_,9
_04600_,9
_05143_,9
_05370_,9
_05733_,9
_07279_,9
_07792_,9
_06308_,8.995
_01523_,8.985
_05898_,8.98
_06299_,8.98
net815,8.98
_03398_,8.96
_05379_,8.96
_05533_,8.96
_06627_,8.96
_07639_,8.96
_07961_,8.96
result00[24],8.96
result00[7],8.96
result01[23],8.96
result02[15],8.96
result03[18],8.96
result03[21],8.96
result03[8],8.96
result10[14],8.96
result10[18],8.96
result10[9],8.96
result11[12],8.96
result11[13],8.96
result11[29],8.96
result12[11],8.96
result13[23],8.96
result20[10],8.96
result20[15],8.96
result20[23],8.96
result20[24],8.96
result21[7],8.96
result22[31],8.96
result23[25],8.96
result30[13],8.96
result30[5],8.96
result31[7],8.96
result32[30],8.96
result33[26],8.96
result33[3],8.96
_01356_,8.94
_03195_,8.94
_03514_,8.94
_03616_,8.94
_03822_,8.94
_04393_,8.94
_05019_,8.94
_07460_,8.94
_07463_,8.94
_07768_,8.94
_08270_,8.94
net549,8.94
net908,8.94
net1064,8.94
net1195,8.94
_03998_,8.92
_04110_,8.92
_04178_,8.92
_04217_,8.92
_04919_,8.92
_05023_,8.92
_05168_,8.92
_05429_,8.92
_06387_,8.92
_06549_,8.92
_06559_,8.92
_06583_,8.92
_07030_,8.92
_07516_,8.92
_07757_,8.92
_03055_,8.91
_00014_,8.9
_01962_,8.9
_03207_,8.9
_03263_,8.9
_04150_,8.9
_04593_,8.9
_04829_,8.9
_05324_,8.9
_05380_,8.9
_06799_,8.9
_07449_,8.9
_07949_,8.9
_08115_,8.9
buf_a.mem\[7\]\[1\],8.9
net1030,8.9
net1113,8.9
net1147,8.9
_02682_,8.89
_03845_,8.88
_04018_,8.88
_04755_,8.88
_07155_,8.88
_07789_,8.88
_01707_,8.865
_01990_,8.86
_04407_,8.86
_04504_,8.86
_05665_,8.86
_05782_,8.86
_05872_,8.86
_06113_,8.86
_07939_,8.86
_08105_,8.86
net840,8.86
_04080_,8.85
_00039_,8.84
_02630_,8.84
_06726_,8.84
_07642_,8.84
_08434_,8.84
_08531_,8.84
net1127,8.84
_08545_,8.83
_00318_,8.825
_02300_,8.82
_02830_,8.82
_02917_,8.82
_03325_,8.82
_03330_,8.82
_03764_,8.82
_03936_,8.82
_04323_,8.82
_04691_,8.82
_05301_,8.82
_08208_,8.82
_08587_,8.82
_04341_,8.815
_03427_,8.8
_03882_,8.8
_04076_,8.8
_04780_,8.8
_05204_,8.8
_08061_,8.8
_08204_,8.8
_08516_,8.8
buf_b.mem\[12\]\[0\],8.8
net971,8.8
_02542_,8.795
_02178_,8.78
_03056_,8.78
_03130_,8.78
_03930_,8.78
_04797_,8.78
_04872_,8.78
_05736_,8.78
_05758_,8.78
_06318_,8.78
_06750_,8.78
_06911_,8.78
_07055_,8.78
_08030_,8.78
_08280_,8.78
_00199_,8.76
_04901_,8.76
_07993_,8.76
_08389_,8.76
_08636_,8.76
_00631_,8.75
_01245_,8.74
_02924_,8.74
_06346_,8.74
_07593_,8.74
buf_a.mem\[15\]\[0\],8.74
net926,8.74
net934,8.74
net1217,8.74
net1258,8.74
_00020_,8.72
_05511_,8.72
_07090_,8.72
_08669_,8.72
_08707_,8.72
result33[19],8.72
s_axis_a_data[3],8.72
s_axis_a_valid,8.72
_07267_,8.71
_00416_,8.7
_03408_,8.7
_03513_,8.7
_04260_,8.7
_05336_,8.7
_05374_,8.7
_05462_,8.7
_05764_,8.7
_05824_,8.7
_06487_,8.7
_06850_,8.7
_07260_,8.7
_07992_,8.7
_08029_,8.7
_08121_,8.7
_08230_,8.7
_08606_,8.7
_00506_,8.68
_01627_,8.68
_02864_,8.68
_04103_,8.68
_05176_,8.68
_06247_,8.68
_06573_,8.68
_06822_,8.68
_08112_,8.68
net1214,8.68
_03654_,8.675
_00179_,8.665
_02947_,8.66
_03752_,8.66
_03759_,8.66
_03902_,8.66
_04187_,8.66
_05735_,8.66
_05975_,8.66
_06518_,8.66
_06784_,8.66
_06927_,8.66
_07101_,8.66
_07252_,8.66
_07271_,8.66
_07330_,8.66
_07421_,8.66
_01190_,8.65
_08009_,8.64
_02286_,8.62
_02978_,8.62
_03595_,8.62
_05153_,8.62
_05207_,8.62
_07194_,8.62
_08129_,8.62
net895,8.62
net914,8.62
_03251_,8.615
_00344_,8.6
_02197_,8.6
_02435_,8.6
_02915_,8.6
_04627_,8.6
_05116_,8.6
_05668_,8.6
_07088_,8.6
_08047_,8.6
_08315_,8.6
arr.b00\[0\],8.6
buf_b.mem\[12\]\[3\],8.6
net616,8.6
net874,8.6
net1059,8.6
_04569_,8.595
_01919_,8.58
_02533_,8.58
_02555_,8.58
_02694_,8.58
_02901_,8.58
_03423_,8.58
_04005_,8.58
_04417_,8.58
_04722_,8.58
_05224_,8.58
_05263_,8.58
_05662_,8.58
_05694_,8.58
_06376_,8.58
_06888_,8.58
_07335_,8.58
_07737_,8.58
_08007_,8.58
_08144_,8.58
_08428_,8.58
buf_b.mem\[8\]\[1\],8.58
net968,8.58
_07866_,8.575
_02822_,8.56
_02944_,8.56
_03875_,8.56
_04709_,8.56
_04807_,8.56
_05132_,8.56
_05641_,8.56
_05683_,8.56
_06281_,8.56
_06284_,8.56
_06828_,8.56
_07202_,8.56
_07400_,8.56
_07515_,8.56
_07660_,8.56
_07700_,8.56
_07873_,8.56
_08033_,8.56
net1118,8.56
net1181,8.56
_01140_,8.55
_02401_,8.545
_02303_,8.54
_02479_,8.54
_03419_,8.54
_04430_,8.54
_04519_,8.54
_05308_,8.54
_05505_,8.54
buf_b.mem\[2\]\[5\],8.54
_08432_,8.535
_01506_,8.525
_03078_,8.52
_01933_,8.5
_06929_,8.5
_07105_,8.5
_07393_,8.5
_08494_,8.5
result02[11],8.5
result30[11],8.5
result31[2],8.5
_01736_,8.48
_01902_,8.48
_02220_,8.48
_02272_,8.48
_03213_,8.48
_04161_,8.48
_04533_,8.48
_04587_,8.48
_05043_,8.48
_05396_,8.48
_05585_,8.48
_05980_,8.48
_06458_,8.48
_07948_,8.48
_08094_,8.48
_08096_,8.48
_08367_,8.48
buf_b.mem\[15\]\[0\],8.48
_04172_,8.475
_00255_,8.46
_03182_,8.46
_03203_,8.46
_03891_,8.46
_03905_,8.46
_04143_,8.46
_05086_,8.46
_05595_,8.46
_05708_,8.46
_05883_,8.46
_05889_,8.46
_06249_,8.46
buf_a.mem\[2\]\[7\],8.46
_01648_,8.455
_00022_,8.44
_01867_,8.44
_02811_,8.44
_03105_,8.44
_03834_,8.44
_04473_,8.44
_04664_,8.44
_04926_,8.44
_05798_,8.44
_05877_,8.44
_06301_,8.44
_06328_,8.44
_06708_,8.44
_07526_,8.44
_07926_,8.44
_08291_,8.44
_08320_,8.44
_08410_,8.44
buf_a.mem\[14\]\[2\],8.44
buf_a.mem\[3\]\[3\],8.44
net628,8.44
net992,8.44
net998,8.44
_01830_,8.42
_03101_,8.42
_06146_,8.42
_07181_,8.42
_00942_,8.4
_03001_,8.4
_00040_,8.38
_06765_,8.38
result10[10],8.38
result11[31],8.38
result13[21],8.38
result23[24],8.38
s_axis_b_data[2],8.38
s_axis_b_data[7],8.38
_02208_,8.36
_02731_,8.36
_03279_,8.36
_04245_,8.36
_04392_,8.36
_04939_,8.36
_05265_,8.36
_05329_,8.36
_06225_,8.36
_06486_,8.36
_06900_,8.36
_07496_,8.36
_08298_,8.36
_08399_,8.36
net881,8.36
net1007,8.36
net1099,8.36
net1225,8.36
_04674_,8.35
_06153_,8.35
_00271_,8.34
_01802_,8.34
_01851_,8.34
_02540_,8.34
_03414_,8.34
_03555_,8.34
_03665_,8.34
_04034_,8.34
_04225_,8.34
_06683_,8.34
_07688_,8.34
_08251_,8.34
_08391_,8.34
_08663_,8.34
net1029,8.34
net1172,8.34
_00504_,8.32
_02894_,8.32
_03493_,8.32
_04716_,8.32
_05160_,8.32
_05692_,8.32
_06980_,8.32
_07073_,8.32
_07377_,8.32
_07430_,8.32
_07646_,8.32
_07788_,8.32
_08120_,8.32
net1036,8.32
_06832_,8.315
_01576_,8.305
_03559_,8.3
_04500_,8.3
_05752_,8.3
_07049_,8.3
_07414_,8.3
_07811_,8.3
buf_b.mem\[1\]\[7\],8.3
net1163,8.3
_01481_,8.28
_02246_,8.28
_04681_,8.28
_07238_,8.28
_07783_,8.28
a2_d1\[0\],8.28
net851,8.28
net927,8.28
net1119,8.28
_03659_,8.26
_04708_,8.26
_05771_,8.26
_07277_,8.26
net790,8.26
_04848_,8.255
_05036_,8.25
_00099_,8.24
_02544_,8.24
_02729_,8.24
_02796_,8.24
_03260_,8.24
_03593_,8.24
_03990_,8.24
_04305_,8.24
_04398_,8.24
_04434_,8.24
_04868_,8.24
_04995_,8.24
_05115_,8.24
_05404_,8.24
_05438_,8.24
_06025_,8.24
_06048_,8.24
_06109_,8.24
_06529_,8.24
_06889_,8.24
_06964_,8.24
_07336_,8.24
_08224_,8.24
_08343_,8.24
buf_a.mem\[6\]\[5\],8.24
_01487_,8.225
_00074_,8.22
_02561_,8.22
_04574_,8.22
_05103_,8.22
_05841_,8.22
_06393_,8.22
_07357_,8.22
_08326_,8.22
_08381_,8.22
net597,8.22
net833,8.22
_00710_,8.21
_02424_,8.2
_02486_,8.2
_02591_,8.2
_02984_,8.2
_05654_,8.2
_05801_,8.2
_06913_,8.2
_07076_,8.2
_04325_,8.19
_06400_,8.19
_00412_,8.185
_00374_,8.18
_00424_,8.18
_04057_,8.18
net865,8.18
_06843_,8.175
_01063_,8.17
_03637_,8.17
_06916_,8.17
_01486_,8.165
_00045_,8.16
_00233_,8.16
_02700_,8.16
_04303_,8.16
_07349_,8.16
net1218,8.16
net1248,8.16
result01[28],8.15
_00540_,8.145
_01663_,8.145
_02301_,8.14
_02804_,8.14
_03449_,8.14
_05361_,8.14
_05897_,8.14
_07119_,8.14
_07776_,8.14
_08006_,8.14
_08272_,8.14
net869,8.14
net909,8.14
net920,8.14
net1164,8.14
net1170,8.14
net1199,8.14
_00497_,8.12
_02838_,8.12
_03455_,8.12
_03666_,8.12
_03696_,8.12
_04185_,8.12
_04316_,8.12
_04321_,8.12
_04480_,8.12
_05274_,8.12
_05483_,8.12
_05714_,8.12
_06049_,8.12
_06227_,8.12
_06521_,8.12
_06548_,8.12
_06620_,8.12
_06865_,8.12
_07185_,8.12
_07344_,8.12
_07394_,8.12
_07814_,8.12
_08267_,8.12
buf_a.mem\[11\]\[5\],8.12
net1256,8.12
_01894_,8.1
_02069_,8.1
_02497_,8.1
_02763_,8.1
_03380_,8.1
_04713_,8.1
_04723_,8.1
_05328_,8.1
_05783_,8.1
_05793_,8.1
_06108_,8.1
_06399_,8.1
b2_d1\[6\],8.1
buf_a.row2\[6\],8.1
net759,8.1
net1025,8.1
_07506_,8.09
_07627_,8.085
_03098_,8.08
_03385_,8.08
_04068_,8.08
_04502_,8.08
_04710_,8.08
_05600_,8.08
_08147_,8.08
_01584_,8.065
_00008_,8.06
_01824_,8.06
_01835_,8.06
_04049_,8.06
_04285_,8.06
_05815_,8.06
b3_d1\[4\],8.06
buf_b.row3\[2\],8.06
_00624_,8.05
_05053_,8.04
_05348_,8.04
_06272_,8.04
buf_b.mem\[6\]\[3\],8.04
result00[17],8.04
result01[11],8.04
result02[22],8.04
result03[15],8.04
result03[16],8.04
result03[4],8.04
result10[24],8.04
result10[6],8.04
result11[1],8.04
result12[24],8.04
result12[29],8.04
result12[9],8.04
result13[14],8.04
result13[29],8.04
result13[5],8.04
result13[6],8.04
result20[9],8.04
result21[24],8.04
result21[30],8.04
result21[5],8.04
result21[8],8.04
result22[22],8.04
result22[23],8.04
result22[25],8.04
result23[10],8.04
result23[30],8.04
result23[5],8.04
result30[25],8.04
result31[10],8.04
result31[14],8.04
result31[26],8.04
result31[6],8.04
result32[10],8.04
result32[14],8.04
result32[1],8.04
result32[20],8.04
result32[28],8.04
result32[5],8.04
result33[13],8.04
result33[1],8.04
_02634_,8.02
_02709_,8.02
_03021_,8.02
_03548_,8.02
_03812_,8.02
_05003_,8.02
_05024_,8.02
_05100_,8.02
_05114_,8.02
_05584_,8.02
_06382_,8.02
_08020_,8.02
net640,8.02
net839,8.02
net1079,8.02
_03318_,8
_04563_,8
_04679_,8
_04819_,8
_04983_,8
_05767_,8
_05906_,8
_07375_,8
_07453_,8
_07793_,8
_03452_,7.99
_06555_,7.99
_01826_,7.98
_01977_,7.98
_02977_,7.98
_03228_,7.98
_03492_,7.98
_03819_,7.98
_04052_,7.98
_04435_,7.98
_04629_,7.98
_05709_,7.98
_05905_,7.98
_06914_,7.98
_07176_,7.98
_07247_,7.98
_07297_,7.98
_07859_,7.98
_08070_,7.98
_08187_,7.98
_08218_,7.98
buf_a.mem\[11\]\[0\],7.98
buf_a.mem\[5\]\[2\],7.98
buf_b.mem\[10\]\[3\],7.98
buf_b.mem\[10\]\[6\],7.98
net1166,7.98
_07921_,7.975
_04247_,7.96
_06522_,7.96
_07171_,7.96
_00054_,7.94
_05498_,7.94
_06431_,7.94
_07244_,7.94
net781,7.94
net1271,7.94
s_axis_a_data[5],7.93
_06516_,7.92
_07410_,7.92
_07830_,7.92
_08385_,7.92
_08703_,7.92
result02[27],7.92
net1023,7.92
net1042,7.92
net1063,7.92
net1187,7.92
_00501_,7.9
_02475_,7.9
_02798_,7.9
_03661_,7.9
_03700_,7.9
_03731_,7.9
_05870_,7.9
_06306_,7.9
_06698_,7.9
_06752_,7.9
_07740_,7.9
_08360_,7.9
_08677_,7.9
buf_a.mem\[14\]\[0\],7.9
_05062_,7.895
_01589_,7.88
_01591_,7.88
_04036_,7.88
_04811_,7.88
_06767_,7.88
buf_a.mem\[15\]\[1\],7.88
net1008,7.88
net1019,7.88
net1065,7.88
net1167,7.88
_00053_,7.86
_00559_,7.86
_01794_,7.86
_03012_,7.86
_05891_,7.86
_06498_,7.86
_06713_,7.86
_06922_,7.86
_07080_,7.86
_07379_,7.86
_07464_,7.86
_07649_,7.86
_08167_,7.86
_08176_,7.86
_08601_,7.86
buf_b.mem\[2\]\[4\],7.86
_05817_,7.855
_06502_,7.855
_06044_,7.85
_02726_,7.82
net831,7.82
net893,7.82
net1251,7.82
_00137_,7.8
_06945_,7.8
net850,7.8
net1070,7.8
_03749_,7.795
_04215_,7.795
net665,7.785
_00174_,7.78
_02511_,7.78
_02744_,7.78
_03533_,7.78
_04238_,7.78
_04608_,7.78
_05476_,7.78
_05581_,7.78
_06286_,7.78
_06349_,7.78
_06924_,7.78
_08284_,7.78
_08416_,7.78
net878,7.78
_03619_,7.775
_06456_,7.77
_00261_,7.765
_00229_,7.76
_03062_,7.76
net937,7.76
_07023_,7.75
_00135_,7.74
_02489_,7.74
_02910_,7.74
_03269_,7.74
_05765_,7.74
_06556_,7.74
_07405_,7.74
_03601_,7.72
_03713_,7.72
_01017_,7.71
_03149_,7.71
_04411_,7.705
_00154_,7.7
_02285_,7.7
_02304_,7.7
_05497_,7.7
_06915_,7.7
_07056_,7.7
net983,7.7
_01639_,7.695
result21[12],7.69
_02070_,7.68
_03786_,7.68
_04841_,7.68
_04882_,7.68
_06273_,7.68
_07487_,7.68
_08152_,7.68
buf_b.mem\[7\]\[7\],7.68
net988,7.68
net1020,7.68
net1041,7.68
net1090,7.68
net1216,7.68
_00626_,7.67
_03849_,7.67
_05283_,7.67
_00202_,7.66
_01806_,7.66
_02096_,7.66
_02667_,7.66
_03187_,7.66
_03393_,7.66
_03691_,7.66
_03695_,7.66
_04212_,7.66
_04337_,7.66
_05123_,7.66
_05271_,7.66
_05520_,7.66
_06546_,7.66
_07191_,7.66
_07574_,7.66
_08424_,7.66
_08702_,7.66
buf_b.mem\[4\]\[7\],7.66
net1071,7.66
_00355_,7.64
_01252_,7.64
_02084_,7.64
_02202_,7.64
_02675_,7.64
_02875_,7.64
_02962_,7.64
_03240_,7.64
_03407_,7.64
_03446_,7.64
_04453_,7.64
_04657_,7.64
_05165_,7.64
_05403_,7.64
_05529_,7.64
_05635_,7.64
_05964_,7.64
_06117_,7.64
_06591_,7.64
_07242_,7.64
_07520_,7.64
_08489_,7.64
buf_a.mem\[9\]\[1\],7.64
net596,7.64
_08023_,7.625
_02958_,7.62
_06164_,7.62
_07130_,7.62
_08723_,7.62
_08741_,7.6
buf_a.mem\[3\]\[4\],7.6
net952,7.6
_02295_,7.58
_03112_,7.58
_03706_,7.58
_04001_,7.58
_04619_,7.58
_04874_,7.58
_06228_,7.58
_01428_,7.56
_02578_,7.56
_02588_,7.56
_03045_,7.56
_03181_,7.56
_03615_,7.56
_03867_,7.56
_05108_,7.56
_05919_,7.56
_06047_,7.56
_06789_,7.56
_07137_,7.56
_07598_,7.56
_08237_,7.56
buf_a.full_flag,7.56
net545,7.56
net1054,7.56
_01522_,7.545
_05532_,7.545
_03019_,7.54
_03957_,7.54
_05147_,7.54
_06652_,7.54
_07988_,7.54
_08229_,7.54
_08415_,7.54
_08475_,7.54
_08603_,7.54
net941,7.54
_04771_,7.53
net901,7.525
_01873_,7.52
_02017_,7.52
_02074_,7.52
_03097_,7.52
_03116_,7.52
_03978_,7.52
_04369_,7.52
_04642_,7.52
_04979_,7.52
_05473_,7.52
_05501_,7.52
_05769_,7.52
_06465_,7.52
_06730_,7.52
_07100_,7.52
_07123_,7.52
_07547_,7.52
_07727_,7.52
buf_a.mem\[10\]\[3\],7.52
buf_a.mem\[6\]\[3\],7.52
buf_a.row3\[3\],7.52
net942,7.52
_00357_,7.5
_02023_,7.5
_04936_,7.5
_05582_,7.5
_05035_,7.495
s_axis_a_data[7],7.49
_00010_,7.48
_01493_,7.48
_01801_,7.48
_04383_,7.48
_07255_,7.48
result23[13],7.47
_05087_,7.46
_07829_,7.46
net1088,7.46
_04343_,7.455
_00651_,7.45
_01250_,7.45
_00485_,7.44
_02445_,7.44
_03221_,7.44
_03235_,7.44
_03288_,7.44
_03739_,7.44
_04955_,7.44
_05421_,7.44
_06704_,7.44
_07742_,7.44
_07975_,7.44
_08293_,7.44
_08397_,7.44
_08455_,7.44
_08462_,7.44
a3_d2\[5\],7.44
buf_a.mem\[8\]\[7\],7.44
net935,7.44
_08219_,7.43
_00098_,7.42
_02809_,7.42
_05425_,7.42
_05548_,7.42
_05660_,7.42
_05902_,7.42
_07246_,7.42
_07425_,7.42
_07725_,7.42
net946,7.42
_06917_,7.41
_02973_,7.4
_02991_,7.4
_03327_,7.4
_03348_,7.4
_03950_,7.4
_04694_,7.4
_04816_,7.4
_04822_,7.4
_04935_,7.4
_05786_,7.4
_06197_,7.4
_06453_,7.4
_06869_,7.4
_06941_,7.4
_07809_,7.4
buf_a.mem\[2\]\[0\],7.4
net609,7.4
_07922_,7.395
_01531_,7.385
_06275_,7.38
_01314_,7.37
_08041_,7.37
_07132_,7.36
_04540_,7.34
_06107_,7.34
_06764_,7.34
_04064_,7.335
_00000_,7.32
_01934_,7.32
_02582_,7.32
_02583_,7.32
_03462_,7.32
_03649_,7.32
_03777_,7.32
_03987_,7.32
_04003_,7.32
_04382_,7.32
_04458_,7.32
_04719_,7.32
_05571_,7.32
_06412_,7.32
_06515_,7.32
_06701_,7.32
_06956_,7.32
_07293_,7.32
_07387_,7.32
_07504_,7.32
_07569_,7.32
_07976_,7.32
_08149_,7.32
_08254_,7.32
_01332_,7.3
_04149_,7.3
_05826_,7.3
_07490_,7.3
_07499_,7.3
_08433_,7.3
buf_b.mem\[13\]\[0\],7.3
net577,7.3
net647,7.3
net752,7.3
_02807_,7.285
_04970_,7.28
_06859_,7.28
_08519_,7.28
_08132_,7.25
start_compute,7.25
_01554_,7.245
_00452_,7.24
_03460_,7.24
_04617_,7.24
_04836_,7.24
_05290_,7.24
_06492_,7.24
_06664_,7.24
_06800_,7.24
_07287_,7.24
_08318_,7.24
_08337_,7.24
net775,7.24
_06088_,7.23
_02310_,7.22
_02759_,7.22
_03466_,7.22
_04509_,7.22
_04738_,7.22
_04825_,7.22
_04994_,7.22
_05377_,7.22
_05706_,7.22
_05784_,7.22
_07299_,7.22
_08011_,7.22
buf_b.mem\[15\]\[5\],7.22
net581,7.22
net629,7.22
net638,7.22
net1197,7.22
_04740_,7.21
_00779_,7.2
_01807_,7.2
_02618_,7.2
_03371_,7.2
_03426_,7.2
_03937_,7.2
_04008_,7.2
_04180_,7.2
_04514_,7.2
_05494_,7.2
_05628_,7.2
_06402_,7.2
_06420_,7.2
_06542_,7.2
_07134_,7.2
_07324_,7.2
_07897_,7.2
_08206_,7.2
_08688_,7.2
_08698_,7.2
buf_b.mem\[11\]\[7\],7.2
net805,7.2
_01852_,7.18
_01900_,7.18
_02027_,7.18
_02536_,7.18
_02611_,7.18
_02929_,7.18
_03352_,7.18
_03568_,7.18
_03946_,7.18
_04009_,7.18
_04338_,7.18
_05918_,7.18
_06629_,7.18
_06703_,7.18
_08227_,7.18
b3_d2\[7\],7.18
buf_b.mem\[0\]\[3\],7.18
_00427_,7.16
_03257_,7.16
_04778_,7.16
_06187_,7.16
_06282_,7.16
_01692_,7.145
_00641_,7.14
_04505_,7.14
_06695_,7.14
_07467_,7.14
_02495_,7.12
_02510_,7.12
_03282_,7.12
_03376_,7.12
_04050_,7.12
_05037_,7.12
_05044_,7.12
_05536_,7.12
_06654_,7.12
_08233_,7.12
_08492_,7.12
_02753_,7.11
_03389_,7.11
_01715_,7.105
_00269_,7.1
_00536_,7.1
_01170_,7.1
_01786_,7.1
_01958_,7.1
_02072_,7.1
_02677_,7.1
_02781_,7.1
_02970_,7.1
_03600_,7.1
_03848_,7.1
_04070_,7.1
_04440_,7.1
_04659_,7.1
_05785_,7.1
_07621_,7.1
_08125_,7.1
_08508_,7.1
_08581_,7.1
_08675_,7.1
net1001,7.1
_07973_,7.09
_01714_,7.085
_03113_,7.08
_03708_,7.08
_04019_,7.08
_05095_,7.08
_05364_,7.08
_05502_,7.08
_05601_,7.08
_06928_,7.08
_07431_,7.08
_07886_,7.08
_08243_,7.08
_08582_,7.08
_01825_,7.06
_01922_,7.06
_02712_,7.06
_03319_,7.06
_04074_,7.06
_04635_,7.06
_04643_,7.06
_04864_,7.06
_05060_,7.06
_05549_,7.06
_05885_,7.06
_06309_,7.06
_06991_,7.06
_07864_,7.06
_08328_,7.06
_08680_,7.06
buf_b.row3\[4\],7.06
net617,7.06
net994,7.06
_03669_,7.05
_01597_,7.045
_00339_,7.04
_00425_,7.04
_01796_,7.04
_01950_,7.04
_00873_,7.03
_04415_,7.02
_05268_,7.02
_06647_,7.02
_08209_,7.01
result21[10],7.01
_02203_,7
_03755_,7
_05127_,7
_06344_,7
_07836_,7
_08141_,7
_00640_,6.99
_01371_,6.98
_02029_,6.98
_02814_,6.98
_02983_,6.98
_03084_,6.98
_03246_,6.98
_04166_,6.98
_04914_,6.98
_05672_,6.98
_05794_,6.98
_06425_,6.98
_06462_,6.98
_06823_,6.98
_07553_,6.98
_07695_,6.98
_08092_,6.98
_08236_,6.98
_08372_,6.98
_08536_,6.98
buf_a.mem\[6\]\[2\],6.98
_01728_,6.96
_01730_,6.96
_01768_,6.96
_02974_,6.96
_04468_,6.96
_05332_,6.96
_05355_,6.96
_07677_,6.96
_08526_,6.96
net1190,6.96
net1198,6.96
_05080_,6.95
_00195_,6.94
_00239_,6.94
_02670_,6.94
_03967_,6.94
_04329_,6.94
_04518_,6.94
_04871_,6.94
_06694_,6.94
_07286_,6.94
_08412_,6.94
_05586_,6.935
_08387_,6.92
result23[1],6.91
_00243_,6.9
_03579_,6.9
_06861_,6.9
_07063_,6.9
_07931_,6.9
net1221,6.9
_06000_,6.89
result01[5],6.89
result02[24],6.89
_01713_,6.885
_01726_,6.885
_01101_,6.88
_01274_,6.88
_01518_,6.88
_02558_,6.88
_03496_,6.88
_03889_,6.88
_04792_,6.88
_08036_,6.88
_08266_,6.88
net737,6.88
net1076,6.88
_02009_,6.86
_02821_,6.86
_03388_,6.86
_03687_,6.86
_03767_,6.86
_04107_,6.86
_04219_,6.86
_04576_,6.86
_05046_,6.86
_05126_,6.86
_05616_,6.86
_05757_,6.86
_06513_,6.86
_06910_,6.86
_07033_,6.86
_07150_,6.86
_07501_,6.86
_08461_,6.86
buf_a.mem\[6\]\[6\],6.86
_02079_,6.84
_04463_,6.84
_05734_,6.84
_08289_,6.84
net867,6.84
_01700_,6.825
_01747_,6.825
_00115_,6.82
_02563_,6.82
_03572_,6.82
_05626_,6.82
_05541_,6.79
result00[20],6.79
result12[21],6.79
result33[30],6.79
_03543_,6.78
_05270_,6.78
_07060_,6.78
net1283,6.78
_04244_,6.77
_00106_,6.76
_00337_,6.76
_01479_,6.76
_01905_,6.76
_02710_,6.76
_02750_,6.76
_03184_,6.76
_04021_,6.76
_04295_,6.76
_04461_,6.76
_05490_,6.76
_05504_,6.76
_06148_,6.76
_06354_,6.76
_06717_,6.76
_06806_,6.76
_08200_,6.76
_08276_,6.76
_08612_,6.76
_08667_,6.76
buf_a.mem\[0\]\[0\],6.76
buf_a.mem\[0\]\[7\],6.76
buf_a.mem\[7\]\[5\],6.76
buf_a.mem\[9\]\[7\],6.76
buf_b.mem\[13\]\[4\],6.76
net584,6.76
net912,6.76
net966,6.76
net1117,6.76
net1230,6.76
net1242,6.76
_02514_,6.74
_02979_,6.74
_03095_,6.74
_03132_,6.74
_03502_,6.74
_04284_,6.74
_04689_,6.74
_04895_,6.74
_05240_,6.74
_06200_,6.74
_06238_,6.74
_06361_,6.74
_06634_,6.74
_07470_,6.74
_07728_,6.74
_08512_,6.74
_08678_,6.74
_08743_,6.74
buf_b.mem\[2\]\[6\],6.74
_04241_,6.73
_08242_,6.73
_00012_,6.72
_02092_,6.72
_02637_,6.72
_03176_,6.72
_04454_,6.72
_04633_,6.72
_05192_,6.72
_05318_,6.72
_05352_,6.72
_05480_,6.72
_05573_,6.72
_05974_,6.72
_06235_,6.72
_06345_,6.72
_06982_,6.72
_07473_,6.72
_07587_,6.72
_07916_,6.72
_08087_,6.72
buf_a.row1\[6\],6.72
net1140,6.72
_00615_,6.71
_02290_,6.7
_04920_,6.7
_06135_,6.7
_06659_,6.7
buf_a.mem\[1\]\[6\],6.7
result32[4],6.69
_02860_,6.68
_03442_,6.66
_03503_,6.66
_05395_,6.66
_05847_,6.66
_07110_,6.66
_07114_,6.66
_08408_,6.66
_08608_,6.66
net1133,6.66
_00525_,6.64
_01877_,6.64
_01912_,6.64
_01976_,6.64
_02881_,6.64
_03127_,6.64
_05054_,6.64
_05110_,6.64
_05792_,6.64
_06066_,6.64
_06083_,6.64
_06110_,6.64
_06753_,6.64
_07087_,6.64
_07139_,6.64
_07669_,6.64
buf_a.mem\[6\]\[1\],6.64
net1031,6.64
net1235,6.64
_01630_,6.625
_03485_,6.62
_04010_,6.62
_04614_,6.62
_05297_,6.62
_06792_,6.62
_06953_,6.62
_07098_,6.62
_08656_,6.62
buf_a.mem\[3\]\[7\],6.62
buf_b.mem\[10\]\[2\],6.62
_01944_,6.6
_01999_,6.6
_03175_,6.6
_03194_,6.6
_03264_,6.6
_03814_,6.6
_04801_,6.6
_04916_,6.6
_04942_,6.6
_05950_,6.6
_06324_,6.6
_06643_,6.6
_06898_,6.6
_06923_,6.6
_07135_,6.6
_07186_,6.6
_08538_,6.6
buf_b.mem\[13\]\[7\],6.6
buf_b.mem\[1\]\[0\],6.6
net1188,6.6
_02706_,6.585
_00721_,6.57
_03315_,6.57
_01547_,6.565
_04688_,6.56
result01[18],6.55
result01[25],6.55
result02[18],6.55
result10[12],6.55
result12[18],6.55
result13[12],6.55
result21[15],6.55
result22[2],6.55
result22[30],6.55
result32[15],6.55
result32[22],6.55
result32[24],6.55
s_axis_b_ready,6.55
_07640_,6.545
_02403_,6.54
_02581_,6.54
_03846_,6.54
_04414_,6.54
_08290_,6.54
net987,6.54
net1077,6.54
net1089,6.54
net1132,6.54
net1161,6.54
_01906_,6.52
_02934_,6.52
_03265_,6.52
_03679_,6.52
_03724_,6.52
_05006_,6.52
_05712_,6.52
_05766_,6.52
_06265_,6.52
_07427_,6.52
_07648_,6.52
_08119_,6.52
_08573_,6.52
_08124_,6.51
_01472_,6.5
_01541_,6.5
_03239_,6.5
_06579_,6.5
_07595_,6.5
buf_a.mem\[2\]\[2\],6.5
_00112_,6.48
_01001_,6.48
_01264_,6.48
_02766_,6.48
_03823_,6.48
_04356_,6.48
_04465_,6.48
_07697_,6.48
_08031_,6.48
_08156_,6.48
_08259_,6.48
_05880_,6.47
_03753_,6.46
_03965_,6.46
_03546_,6.45
_00449_,6.445
_04334_,6.44
_06735_,6.44
net1153,6.44
_08692_,6.43
result31[8],6.43
result33[27],6.43
_01526_,6.425
_01600_,6.425
_00419_,6.42
_00544_,6.42
_00639_,6.42
_01738_,6.42
_03252_,6.42
_06233_,6.42
_07057_,6.42
_07787_,6.42
net624,6.42
net877,6.42
_00728_,6.41
_00444_,6.4
_02050_,6.4
_03042_,6.4
_03379_,6.4
_03386_,6.4
_03409_,6.4
_03605_,6.4
_03606_,6.4
_03727_,6.4
_04201_,6.4
_04218_,6.4
_04319_,6.4
_04652_,6.4
_04913_,6.4
_04972_,6.4
_05507_,6.4
_06104_,6.4
_06426_,6.4
_07847_,6.4
_07970_,6.4
_08012_,6.4
_08175_,6.4
_08537_,6.4
_07117_,6.39
_00232_,6.38
_03133_,6.38
_03647_,6.38
_04788_,6.38
_07341_,6.38
_07385_,6.38
net880,6.38
_08552_,6.375
_01302_,6.37
_01655_,6.365
_00283_,6.36
_03801_,6.36
_05987_,6.36
buf_b.mem\[7\]\[5\],6.36
_08071_,6.355
_00695_,6.35
_06368_,6.34
_06424_,6.34
_00729_,6.33
_01504_,6.325
_01897_,6.32
_03151_,6.32
_03570_,6.32
_04000_,6.32
_04335_,6.32
_04705_,6.32
_05034_,6.32
_05354_,6.32
_05945_,6.32
_06356_,6.32
_08174_,6.32
_08732_,6.32
net1212,6.32
net1250,6.32
_01300_,6.31
_01418_,6.31
s_axis_a_data[6],6.31
s_axis_b_data[0],6.31
_00151_,6.3
_01914_,6.3
_01916_,6.3
_02048_,6.3
_02086_,6.3
_02312_,6.3
_02738_,6.3
_03018_,6.3
_03069_,6.3
_03825_,6.3
_04904_,6.3
_05339_,6.3
_05411_,6.3
_06533_,6.3
_07638_,6.3
_07880_,6.3
_08137_,6.3
_08464_,6.3
_08532_,6.3
buf_a.mem\[0\]\[6\],6.3
buf_a.row2\[4\],6.3
buf_b.mem\[8\]\[2\],6.3
net1131,6.3
net1156,6.3
_03009_,6.28
_03122_,6.28
_03374_,6.28
_03688_,6.28
_03881_,6.28
_04113_,6.28
_04559_,6.28
_04990_,6.28
_06007_,6.28
_06097_,6.28
_06177_,6.28
_06677_,6.28
_07554_,6.28
_07644_,6.28
_07755_,6.28
_07999_,6.28
buf_b.mem\[11\]\[6\],6.28
_06994_,6.275
_08215_,6.275
_08370_,6.27
_01844_,6.26
_03859_,6.26
_03878_,6.26
_03977_,6.26
_04287_,6.26
_04429_,6.26
_04720_,6.26
_05740_,6.26
_06279_,6.26
_06829_,6.26
_07107_,6.26
_07323_,6.26
_07471_,6.26
_07597_,6.26
_07741_,6.26
_08491_,6.26
_08701_,6.26
b3_d2\[3\],6.26
buf_a.mem\[3\]\[1\],6.26
buf_a.row1\[0\],6.26
net600,6.26
net644,6.26
net891,6.26
net905,6.26
net1092,6.26
_03044_,6.24
_07902_,6.24
_04294_,6.23
_06043_,6.23
result33[6],6.23
_01662_,6.225
_01673_,6.225
_02430_,6.21
result00[19],6.21
result00[25],6.21
result00[5],6.21
result01[14],6.21
result02[20],6.21
result02[25],6.21
result02[31],6.21
result03[24],6.21
result03[30],6.21
result03[3],6.21
result11[5],6.21
result12[6],6.21
result13[28],6.21
result20[25],6.21
result20[4],6.21
result21[26],6.21
result21[3],6.21
result22[12],6.21
result22[27],6.21
result22[4],6.21
result22[8],6.21
result23[28],6.21
result23[4],6.21
result30[1],6.21
result30[28],6.21
result30[4],6.21
result31[12],6.21
result31[15],6.21
result31[25],6.21
result32[8],6.21
result33[17],6.21
_01891_,6.2
_02047_,6.2
_02923_,6.2
_03362_,6.2
_03843_,6.2
_04649_,6.2
_04766_,6.2
_04812_,6.2
_05139_,6.2
_05746_,6.2
_06878_,6.2
_08693_,6.2
buf_a.mem\[10\]\[6\],6.2
buf_a.mem\[14\]\[4\],6.2
_00210_,6.18
_03072_,6.18
_03469_,6.18
_03516_,6.18
_03851_,6.18
_03916_,6.18
_04220_,6.18
_04793_,6.18
_05221_,6.18
_05245_,6.18
_05440_,6.18
_05832_,6.18
_06004_,6.18
_06078_,6.18
_07091_,6.18
_07477_,6.18
_08205_,6.18
_08579_,6.18
buf_a.mem\[2\]\[5\],6.18
buf_b.row2\[4\],6.18
net1040,6.18
net1158,6.18
net1249,6.18
_01429_,6.16
_02858_,6.16
_03652_,6.16
_05017_,6.16
_07065_,6.16
_07522_,6.16
_08182_,6.16
_00015_,6.14
_01204_,6.14
_01804_,6.14
_02000_,6.14
_02031_,6.14
_04905_,6.14
_05537_,6.14
_05697_,6.14
_05859_,6.14
_05864_,6.14
_05868_,6.14
_06192_,6.14
_06479_,6.14
_07687_,6.14
_08286_,6.14
buf_a.mem\[14\]\[3\],6.14
buf_a.mem\[4\]\[6\],6.14
net1150,6.14
_02071_,6.12
_08520_,6.12
_04909_,6.11
result31[27],6.11
result02[14],6.09
result23[12],6.09
_02187_,6.08
_03551_,6.08
_04562_,6.08
_04963_,6.08
_06188_,6.08
_06816_,6.08
_06952_,6.08
net1259,6.08
_01474_,6.065
_01519_,6.065
_00134_,6.06
_00563_,6.06
_01015_,6.06
_01949_,6.06
_02903_,6.06
_03162_,6.06
_03489_,6.06
_03771_,6.06
_03962_,6.06
_04207_,6.06
_04764_,6.06
_05349_,6.06
_05747_,6.06
_05816_,6.06
_06855_,6.06
_07652_,6.06
_08452_,6.06
_08562_,6.06
_08666_,6.06
buf_b.mem\[3\]\[4\],6.06
net763,6.06
_04397_,6.055
_01843_,6.04
_04828_,6.04
_05610_,6.04
_06371_,6.04
_06693_,6.04
_08058_,6.04
net1006,6.04
_00196_,6.02
_00290_,6.02
_06378_,6.02
_08091_,6.02
_01485_,6.005
_01622_,6.005
_04439_,6
_00369_,5.98
_06999_,5.98
_07726_,5.98
_08310_,5.98
net904,5.98
net1080,5.98
net1152,5.98
result12[1],5.97
_01649_,5.965
_01685_,5.965
_00616_,5.96
_01046_,5.96
_04134_,5.96
_05351_,5.96
_05729_,5.96
net1033,5.96
net1232,5.95
_00175_,5.94
_00228_,5.94
_00418_,5.94
_00988_,5.94
_01605_,5.94
_03093_,5.94
_03179_,5.94
_03193_,5.94
_03287_,5.94
_03463_,5.94
_03995_,5.94
_04177_,5.94
_04240_,5.94
_04670_,5.94
_04777_,5.94
_05070_,5.94
_05444_,5.94
_06528_,5.94
_06987_,5.94
_07352_,5.94
_07353_,5.94
_07960_,5.94
_08319_,5.94
_08479_,5.94
_08605_,5.94
_08627_,5.94
_08716_,5.94
_00558_,5.92
_03320_,5.92
_03448_,5.92
_03985_,5.92
_06794_,5.92
_08190_,5.92
_08359_,5.92
net1144,5.92
_00660_,5.91
_00676_,5.91
_00746_,5.91
_01143_,5.91
_00881_,5.89
_02523_,5.88
_06887_,5.88
result00[28],5.87
result01[17],5.87
result02[19],5.87
result03[22],5.87
result03[31],5.87
result11[11],5.87
result12[10],5.87
result12[23],5.87
result13[20],5.87
result22[21],5.87
result30[16],5.87
result31[23],5.87
result33[31],5.87
_00541_,5.86
_03411_,5.86
_03748_,5.86
_04020_,5.86
_05199_,5.86
_05447_,5.86
_06269_,5.86
_06512_,5.86
_08217_,5.86
_08322_,5.86
_08659_,5.86
net1245,5.86
_01058_,5.85
_01661_,5.845
_00036_,5.84
_00086_,5.84
_00445_,5.84
_00533_,5.84
_01924_,5.84
_01925_,5.84
_01983_,5.84
_02085_,5.84
_02734_,5.84
_03433_,5.84
_03933_,5.84
_04209_,5.84
_04699_,5.84
_04746_,5.84
_04751_,5.84
_05656_,5.84
_06357_,5.84
_06493_,5.84
_06639_,5.84
_06666_,5.84
_07020_,5.84
_07457_,5.84
_08480_,5.84
_08691_,5.84
_08706_,5.84
a2_d1\[2\],5.84
a3_d2\[3\],5.84
b3_d2\[1\],5.84
buf_a.mem\[8\]\[4\],5.84
buf_a.row1\[1\],5.84
buf_b.mem\[15\]\[7\],5.84
buf_b.mem\[4\]\[0\],5.84
net572,5.84
net826,5.84
net993,5.84
net1078,5.84
net1095,5.84
_00145_,5.82
_02960_,5.82
_03068_,5.82
_03406_,5.82
_03625_,5.82
_03897_,5.82
_04118_,5.82
_04139_,5.82
_04267_,5.82
_04373_,5.82
_04385_,5.82
_05389_,5.82
_06499_,5.82
_06674_,5.82
_07015_,5.82
_07681_,5.82
_07833_,5.82
_08199_,5.82
_08443_,5.82
buf_a.mem\[5\]\[3\],5.82
buf_b.row1\[6\],5.82
_03896_,5.815
_04190_,5.81
_01598_,5.805
_04286_,5.805
_00670_,5.8
_01158_,5.8
_01995_,5.8
_02020_,5.8
_02021_,5.8
_02077_,5.8
_02575_,5.8
_04915_,5.8
_04941_,5.8
_05512_,5.8
_05956_,5.8
_06811_,5.8
_07479_,5.8
_08055_,5.8
buf_a.mem\[0\]\[2\],5.8
buf_b.mem\[11\]\[2\],5.8
buf_b.mem\[13\]\[3\],5.8
buf_b.mem\[8\]\[0\],5.8
net922,5.8
_06446_,5.78
result20[12],5.77
_01559_,5.765
_01718_,5.765
result00[11],5.75
result00[13],5.75
result00[15],5.75
result01[13],5.75
result01[19],5.75
result01[3],5.75
result01[9],5.75
result03[27],5.75
result03[28],5.75
result10[20],5.75
result10[7],5.75
result11[16],5.75
result11[6],5.75
result13[24],5.75
result13[31],5.75
result21[16],5.75
result22[15],5.75
result22[24],5.75
result23[17],5.75
result31[11],5.75
result32[16],5.75
result32[2],5.75
result33[0],5.75
result33[14],5.75
_01863_,5.74
_01882_,5.74
_02006_,5.74
_02042_,5.74
_02855_,5.74
_04326_,5.74
_04471_,5.74
_04823_,5.74
_05669_,5.74
_06384_,5.74
_06448_,5.74
_06959_,5.74
_07438_,5.74
_08049_,5.74
_00245_,5.72
_02036_,5.72
_02053_,5.72
_02099_,5.72
_02198_,5.72
_02476_,5.72
_02767_,5.72
_02918_,5.72
_03052_,5.72
_03529_,5.72
_05137_,5.72
_05670_,5.72
_05703_,5.72
_05819_,5.72
_05963_,5.72
_06061_,5.72
_06070_,5.72
_06186_,5.72
_06248_,5.72
_06298_,5.72
_06315_,5.72
_06429_,5.72
_06599_,5.72
_06676_,5.72
_06796_,5.72
_07444_,5.72
_07662_,5.72
_07944_,5.72
_08216_,5.72
_08575_,5.72
buf_b.mem\[10\]\[7\],5.72
buf_b.mem\[3\]\[2\],5.72
_05838_,5.71
_00254_,5.7
_00354_,5.7
_02835_,5.7
_03029_,5.7
_03204_,5.7
_03776_,5.7
_03972_,5.7
_04406_,5.7
_04602_,5.7
_04718_,5.7
_06067_,5.7
_06588_,5.7
_06897_,5.7
_07749_,5.7
_06503_,5.695
_00382_,5.685
net585,5.685
_01864_,5.68
_01883_,5.68
_01884_,5.68
_01899_,5.68
_01901_,5.68
_02064_,5.68
_02221_,5.68
_03959_,5.68
_04446_,5.68
_05915_,5.68
_06360_,5.68
_07034_,5.68
_07485_,5.68
_07527_,5.68
b3_d2\[2\],5.68
buf_b.full_flag,5.68
buf_b.mem\[10\]\[4\],5.68
_01645_,5.675
_01397_,5.67
_01903_,5.66
_01512_,5.645
_01671_,5.645
result10[5],5.63
result33[22],5.63
_02270_,5.62
_06663_,5.62
_06684_,5.62
_00152_,5.6
_00538_,5.6
_02329_,5.6
_02402_,5.6
_02848_,5.6
_03818_,5.6
_03839_,5.6
_04954_,5.6
_05038_,5.6
_05388_,5.6
_05818_,5.6
_05949_,5.6
_07311_,5.6
_07391_,5.6
buf_a.row3\[4\],5.6
net1048,5.6
net1107,5.6
net1185,5.6
_01498_,5.58
_01616_,5.58
_05284_,5.58
_07865_,5.58
buf_b.mem\[10\]\[5\],5.58
net1143,5.58
net1148,5.58
net1209,5.58
_08616_,5.57
_00166_,5.56
_00258_,5.56
_00671_,5.56
_00735_,5.56
_00849_,5.56
_01253_,5.56
_02461_,5.56
_02790_,5.56
_02919_,5.56
_03577_,5.56
_04412_,5.56
_07971_,5.56
_01608_,5.545
_05337_,5.54
_00594_,5.53
result00[9],5.53
result01[12],5.53
result03[29],5.53
result10[29],5.53
result20[17],5.53
result20[27],5.53
result23[23],5.53
result31[29],5.53
result31[4],5.53
result32[25],5.53
result32[27],5.53
result33[9],5.53
_00188_,5.525
_00407_,5.525
_01563_,5.525
_00395_,5.52
_02380_,5.52
_07295_,5.52
net954,5.52
net997,5.52
net1024,5.52
net1032,5.52
net1034,5.52
net1055,5.52
net1073,5.52
net1086,5.52
net1123,5.52
net1138,5.52
net1157,5.52
net1180,5.52
net1205,5.52
net1224,5.52
net1260,5.52
_01678_,5.505
_01930_,5.5
_02351_,5.5
_05247_,5.5
_05960_,5.5
_06130_,5.5
_07537_,5.5
_07551_,5.5
_08373_,5.5
net655,5.5
net900,5.5
_04288_,5.495
_00975_,5.49
_00984_,5.49
_00302_,5.48
_00410_,5.48
_01023_,5.48
_02057_,5.48
_02409_,5.48
_02414_,5.48
_04211_,5.48
_04787_,5.48
_04957_,5.48
_06194_,5.48
_06562_,5.48
_07342_,5.48
_07894_,5.48
buf_b.mem\[14\]\[0\],5.48
_00088_,5.46
_00209_,5.46
_00316_,5.46
_02416_,5.46
_04598_,5.44
_05763_,5.44
_08017_,5.44
_00799_,5.43
_01242_,5.43
_01569_,5.425
_07954_,5.41
result01[16],5.41
result01[22],5.41
result10[4],5.41
result11[19],5.41
result12[13],5.41
result12[4],5.41
result20[30],5.41
result21[31],5.41
result23[16],5.41
result32[12],5.41
_00001_,5.4
_00164_,5.4
_00294_,5.4
_00535_,5.4
_02296_,5.4
_03008_,5.4
_03280_,5.4
_03405_,5.4
_03921_,5.4
_04254_,5.4
_04258_,5.4
_04875_,5.4
_05515_,5.4
_07918_,5.4
_08623_,5.4
net1069,5.4
_00872_,5.39
_00479_,5.385
_00081_,5.38
_00368_,5.38
_00428_,5.38
_00472_,5.38
_00482_,5.38
_02078_,5.38
_02340_,5.38
_02657_,5.38
_02961_,5.38
_03509_,5.38
_04277_,5.38
_04324_,5.38
_04481_,5.38
_04508_,5.38
_04532_,5.38
_05524_,5.38
_05696_,5.38
_05698_,5.38
_05799_,5.38
_05820_,5.38
_06355_,5.38
_06607_,5.38
_06692_,5.38
_07259_,5.38
_08136_,5.38
_08188_,5.38
_08256_,5.38
_08713_,5.38
a3_d2\[0\],5.38
buf_b.row2\[7\],5.38
net650,5.38
net1121,5.38
_03156_,5.375
_00305_,5.36
_00933_,5.36
_02532_,5.36
_03988_,5.36
_04960_,5.36
_05016_,5.36
_05234_,5.36
_05434_,5.36
_05748_,5.36
_06367_,5.36
_06500_,5.36
_06526_,5.36
_06636_,5.36
_06780_,5.36
_08093_,5.36
_08368_,5.36
net1057,5.36
_01469_,5.355
_07557_,5.35
_01535_,5.345
_01651_,5.345
_00557_,5.34
_01734_,5.34
_01871_,5.34
_02052_,5.34
_02204_,5.34
_02565_,5.34
_02776_,5.34
_03255_,5.34
_03347_,5.34
_03583_,5.34
_04655_,5.34
_04711_,5.34
_05936_,5.34
_06183_,5.34
_06317_,5.34
_06466_,5.34
_06700_,5.34
buf_b.mem\[8\]\[6\],5.34
buf_b.row3\[1\],5.34
buf_b.row3\[3\],5.34
net758,5.34
_01020_,5.33
_01036_,5.33
_01107_,5.33
_01620_,5.325
_01500_,5.305
_01770_,5.3
_01823_,5.28
_01935_,5.28
_01997_,5.28
_02771_,5.28
_03028_,5.28
_03729_,5.28
_03785_,5.28
_03860_,5.28
_03886_,5.28
_05032_,5.28
_05047_,5.28
_06032_,5.28
_06478_,5.28
_06840_,5.28
_06849_,5.28
_07319_,5.28
_01529_,5.265
_01629_,5.265
_00270_,5.26
_00373_,5.26
_00704_,5.26
_02462_,5.26
_03278_,5.26
_03594_,5.26
_03704_,5.26
_03917_,5.26
_04230_,5.26
_04467_,5.26
_04835_,5.26
_05369_,5.26
_06209_,5.26
_06454_,5.26
_06585_,5.26
_06681_,5.26
_07024_,5.26
_07097_,5.26
_07175_,5.26
_07493_,5.26
_07625_,5.26
_07800_,5.26
_07840_,5.26
_07913_,5.26
_07925_,5.26
_08487_,5.26
_08535_,5.26
buf_a.mem\[7\]\[3\],5.26
buf_b.mem\[3\]\[3\],5.26
buf_b.mem\[6\]\[6\],5.26
net921,5.26
_04361_,5.245
_00599_,5.24
_00780_,5.24
_01375_,5.24
_03043_,5.24
_03592_,5.24
_03648_,5.24
_08295_,5.24
_00314_,5.225
_00331_,5.225
net598,5.225
_00744_,5.22
_00846_,5.22
_01817_,5.22
_01828_,5.22
_01872_,5.22
_02024_,5.22
_02194_,5.22
_02227_,5.22
_02306_,5.22
_02812_,5.22
_03465_,5.22
_04399_,5.22
_05191_,5.22
_08252_,5.22
_08299_,5.22
buf_a.mem\[8\]\[2\],5.22
net543,5.22
_07306_,5.215
_06530_,5.2
_01067_,5.19
_08548_,5.19
result00[26],5.19
result00[4],5.19
result01[27],5.19
result01[29],5.19
result02[0],5.19
result03[20],5.19
result03[9],5.19
result11[23],5.19
result11[24],5.19
result11[2],5.19
result11[3],5.19
result12[15],5.19
result12[27],5.19
result20[13],5.19
result21[28],5.19
result22[13],5.19
result22[26],5.19
result22[29],5.19
result30[20],5.19
result30[21],5.19
result30[31],5.19
result30[6],5.19
result31[24],5.19
result32[26],5.19
result32[29],5.19
_01729_,5.175
_07052_,5.17
_01667_,5.16
_07257_,5.16
_07579_,5.16
_08521_,5.16
net1082,5.16
_01142_,5.15
_00172_,5.14
_00364_,5.14
_00394_,5.14
_00429_,5.14
_00443_,5.14
_00465_,5.14
_00466_,5.14
_00570_,5.14
_01032_,5.14
_01131_,5.14
_02806_,5.14
_03614_,5.14
_03660_,5.14
_04734_,5.14
_05074_,5.14
_05261_,5.14
_05335_,5.14
_05837_,5.14
_07294_,5.14
_07312_,5.14
_08604_,5.14
_00860_,5.12
_02933_,5.12
_04183_,5.12
_05000_,5.12
_08019_,5.12
net604,5.105
_00707_,5.1
_00866_,5.1
_00960_,5.1
_01296_,5.1
_00898_,5.09
_01628_,5.085
_01697_,5.085
_00606_,5.07
_00892_,5.07
_01011_,5.07
done,5.07
result00[14],5.07
result00[22],5.07
result00[2],5.07
result01[6],5.07
result02[30],5.07
result02[3],5.07
result03[17],5.07
result03[19],5.07
result10[26],5.07
result13[17],5.07
result22[19],5.07
result22[5],5.07
result22[6],5.07
result22[9],5.07
result23[19],5.07
result23[26],5.07
result23[31],5.07
result30[17],5.07
result30[27],5.07
result30[30],5.07
result30[7],5.07
result31[18],5.07
result31[20],5.07
result31[28],5.07
result32[6],5.07
result33[18],5.07
result33[29],5.07
_01625_,5.065
_02879_,5.06
_04044_,5.06
_04767_,5.06
_05157_,5.06
_08309_,5.06
a3_d1\[4\],5.06
net1053,5.06
net1074,5.06
net1097,5.06
net1101,5.06
net1105,5.06
net1111,5.06
net1112,5.06
net1116,5.06
net1122,5.06
net1155,5.06
net1189,5.06
net1200,5.06
net1211,5.06
net1215,5.06
_01492_,5.045
_00105_,5.04
_00116_,5.04
_00381_,5.04
_00386_,5.04
_03865_,5.04
_04246_,5.04
_04578_,5.04
net633,5.04
net636,5.04
_00414_,5.02
_00415_,5.02
_00470_,5.02
_03172_,5.02
_04421_,5.02
_04612_,5.02
_05097_,5.02
_05260_,5.02
_05306_,5.02
_05488_,5.02
_05961_,5.02
_06011_,5.02
_06141_,5.02
_06189_,5.02
_06826_,5.02
_06997_,5.02
_07069_,5.02
_07131_,5.02
_07942_,5.02
_08560_,5.02
_00547_,5
_00714_,5
_00804_,5
_01390_,5
_01424_,5
_06775_,5
_00589_,4.99
_00634_,4.99
_00711_,4.99
_01156_,4.99
_01378_,4.99
_01511_,4.985
_01470_,4.975
_00656_,4.97
_05033_,4.97
_07250_,4.97
result11[10],4.95
_00122_,4.94
_00194_,4.94
_02922_,4.94
_03359_,4.94
_03971_,4.94
_04418_,4.94
_05083_,4.94
_05631_,4.94
_05840_,4.94
_06268_,4.94
_06570_,4.94
_06871_,4.94
_06890_,4.94
_07623_,4.94
_08197_,4.94
_08495_,4.94
buf_a.row3\[2\],4.94
net861,4.94
_00050_,4.92
_00169_,4.92
_00345_,4.92
_00358_,4.92
_00388_,4.92
_00458_,4.92
_00459_,4.92
_00495_,4.92
_00853_,4.92
_01271_,4.92
_01737_,4.92
_01788_,4.92
_01853_,4.92
_02075_,4.92
_02370_,4.92
_02389_,4.92
_02598_,4.92
_02716_,4.92
_02741_,4.92
_02826_,4.92
_02871_,4.92
_03041_,4.92
_03177_,4.92
_03344_,4.92
_03536_,4.92
_04311_,4.92
_04362_,4.92
_04507_,4.92
_05280_,4.92
_05707_,4.92
_05810_,4.92
_05946_,4.92
_06008_,4.92
_06669_,4.92
_06863_,4.92
_07844_,4.92
_07851_,4.92
_07996_,4.92
_08210_,4.92
_08348_,4.92
b2_d1\[5\],4.92
buf_b.mem\[11\]\[4\],4.92
buf_b.mem\[4\]\[6\],4.92
net548,4.92
net626,4.92
net991,4.92
net1106,4.92
net1114,4.92
net1275,4.92
_03274_,4.91
_00173_,4.9
_02799_,4.9
_03726_,4.9
_03942_,4.9
_04477_,4.9
_04488_,4.9
_05833_,4.9
_05966_,4.9
_06986_,4.9
_07668_,4.9
_08104_,4.9
_01515_,4.885
_01725_,4.885
_00253_,4.88
_00430_,4.88
_00551_,4.88
_00562_,4.88
_01159_,4.88
_01792_,4.88
_01805_,4.88
_01827_,4.88
_01829_,4.88
_01858_,4.88
_01889_,4.88
_01910_,4.88
_01992_,4.88
_02093_,4.88
_02576_,4.88
_02717_,4.88
_03827_,4.88
_03958_,4.88
_03968_,4.88
_05273_,4.88
_05944_,4.88
_06170_,4.88
_07003_,4.88
_07074_,4.88
_07327_,4.88
_08074_,4.88
_08597_,4.88
buf_a.mem\[14\]\[5\],4.88
buf_b.mem\[12\]\[1\],4.88
buf_b.row2\[6\],4.88
net607,4.88
_00791_,4.87
_00989_,4.87
_00999_,4.87
_01049_,4.87
_01073_,4.87
_01139_,4.87
_01152_,4.87
_01218_,4.87
_01355_,4.87
_01380_,4.87
_01389_,4.87
_01426_,4.87
_01388_,4.85
result00[29],4.85
result01[1],4.85
result02[2],4.85
result02[5],4.85
result03[26],4.85
result10[30],4.85
result11[9],4.85
result12[19],4.85
result12[3],4.85
result13[10],4.85
result23[0],4.85
result30[15],4.85
_01592_,4.845
_01614_,4.845
_01641_,4.845
_01701_,4.845
_00522_,4.82
_01880_,4.82
_02033_,4.82
_02082_,4.82
_02095_,4.82
_02595_,4.82
_03538_,4.82
_03852_,4.82
_03866_,4.82
_04310_,4.82
_04395_,4.82
_04790_,4.82
_05279_,4.82
_05479_,4.82
_05854_,4.82
_07310_,4.82
_05510_,4.815
_00205_,4.8
_01430_,4.8
_01847_,4.8
_01848_,4.8
_01890_,4.8
_02537_,4.8
_02587_,4.8
_02885_,4.8
_03110_,4.8
_03225_,4.8
_03920_,4.8
_04309_,4.8
_04328_,4.8
_04952_,4.8
_05005_,4.8
_05041_,4.8
_05158_,4.8
_05161_,4.8
_05554_,4.8
_05701_,4.8
_06259_,4.8
_06781_,4.8
_06926_,4.8
_06930_,4.8
_07103_,4.8
_07307_,4.8
_07591_,4.8
_07808_,4.8
_08344_,4.8
_08371_,4.8
_08664_,4.8
_08719_,4.8
buf_a.row1\[4\],4.8
buf_b.mem\[1\]\[4\],4.8
buf_b.row1\[7\],4.8
net753,4.8
_02707_,4.78
_03900_,4.78
_06506_,4.78
_07732_,4.78
_08357_,4.78
_05209_,4.775
_08639_,4.775
_01361_,4.76
_01762_,4.76
_01845_,4.76
_01904_,4.76
_01948_,4.76
_01959_,4.76
_01968_,4.76
_01982_,4.76
_02076_,4.76
_03918_,4.76
_04374_,4.76
_06158_,4.76
_06490_,4.76
_06547_,4.76
_07381_,4.76
_07466_,4.76
_08594_,4.76
_01181_,4.73
result20[26],4.73
_01557_,4.7
_01658_,4.7
_02274_,4.7
_02866_,4.7
_07193_,4.7
_00083_,4.68
_00433_,4.68
_00507_,4.68
_00808_,4.68
_00833_,4.68
_00906_,4.68
_01376_,4.68
_02030_,4.68
_02386_,4.68
_02842_,4.68
_03298_,4.68
_04197_,4.68
_04452_,4.68
_04531_,4.68
_04638_,4.68
_07143_,4.68
_07555_,4.68
_08570_,4.68
buf_a.mem\[2\]\[6\],4.68
net1129,4.68
_01384_,4.66
net1061,4.66
net1126,4.66
_05830_,4.65
_07152_,4.65
_07454_,4.64
_01508_,4.635
_01573_,4.625
_01581_,4.625
_00605_,4.61
result13[26],4.61
_00182_,4.605
_01652_,4.605
_00067_,4.6
_02185_,4.6
_03159_,4.6
_05021_,4.6
_05148_,4.6
_05446_,4.6
_06577_,4.6
net879,4.6
_05111_,4.595
_01536_,4.585
_01553_,4.585
_00002_,4.58
_00103_,4.58
_00146_,4.58
_00256_,4.58
_00390_,4.58
_01733_,4.58
_02388_,4.58
_03155_,4.58
_03486_,4.58
_03567_,4.58
_04487_,4.58
_05151_,4.58
_07869_,4.58
net594,4.58
net664,4.58
_05720_,4.57
_00236_,4.565
_00277_,4.56
_00387_,4.56
_00754_,4.56
_01168_,4.56
_01298_,4.56
_02526_,4.56
_02545_,4.56
_02828_,4.56
_02868_,4.56
_03624_,4.56
_03772_,4.56
_03782_,4.56
_04273_,4.56
_05805_,4.56
_06978_,4.56
_07221_,4.56
_07383_,4.56
_07745_,4.56
_07850_,4.56
_08140_,4.56
buf_a.mem\[11\]\[3\],4.56
buf_b.mem\[14\]\[7\],4.56
buf_b.mem\[2\]\[0\],4.56
buf_b.mem\[6\]\[0\],4.56
buf_b.mem\[6\]\[7\],4.56
_02436_,4.55
_00281_,4.54
_00473_,4.54
_00531_,4.54
_00665_,4.54
_00689_,4.54
_00911_,4.54
_01048_,4.54
_01288_,4.54
_01431_,4.54
_04291_,4.54
_04313_,4.54
_00646_,4.53
_04813_,4.53
_08392_,4.53
_06300_,4.52
_02066_,4.5
_00214_,4.48
_00384_,4.48
_00448_,4.48
_00450_,4.48
_00480_,4.48
_00508_,4.48
_01703_,4.48
_02382_,4.48
_03139_,4.48
_03152_,4.48
_03907_,4.48
_04081_,4.48
_04408_,4.48
_04745_,4.48
_05550_,4.48
_06473_,4.48
_06860_,4.48
_07140_,4.48
_07502_,4.48
_07532_,4.48
_07803_,4.48
_08331_,4.48
_08442_,4.48
_08733_,4.48
_03299_,4.475
_01078_,4.47
_00109_,4.46
_00111_,4.46
_00144_,4.46
_00191_,4.46
_00213_,4.46
_00224_,4.46
_00338_,4.46
_00523_,4.46
_00524_,4.46
_00545_,4.46
_00567_,4.46
_00800_,4.46
_02011_,4.46
_02087_,4.46
_02485_,4.46
_03036_,4.46
_03507_,4.46
_03511_,4.46
_03604_,4.46
_03765_,4.46
_04002_,4.46
_04015_,4.46
_04249_,4.46
_04268_,4.46
_04353_,4.46
_04953_,4.46
_07078_,4.46
_07126_,4.46
_07887_,4.46
_08257_,4.46
_08374_,4.46
_08592_,4.46
_08630_,4.46
buf_a.mem\[15\]\[6\],4.46
buf_a.mem\[8\]\[0\],4.46
buf_a.row3\[1\],4.46
buf_b.row2\[2\],4.46
net602,4.46
net1084,4.46
_00279_,4.44
_01366_,4.44
_01862_,4.44
_02447_,4.44
_03837_,4.44
_04344_,4.44
_06350_,4.44
_07747_,4.44
_07752_,4.44
_08269_,4.44
_04095_,4.435
_06969_,4.43
_01564_,4.425
_01670_,4.425
_00320_,4.42
_00635_,4.42
_00770_,4.42
_00957_,4.42
_01798_,4.42
_01854_,4.42
_01881_,4.42
_01885_,4.42
_01895_,4.42
_01911_,4.42
_02062_,4.42
_02577_,4.42
_02723_,4.42
_03673_,4.42
_04698_,4.42
_05457_,4.42
_07094_,4.42
_07696_,4.42
_08327_,4.42
_08440_,4.42
_08590_,4.42
b2_d1\[1\],4.42
b3_d1\[6\],4.42
buf_a.mem\[7\]\[4\],4.42
_00627_,4.41
_00757_,4.41
_00762_,4.41
_00887_,4.41
_01189_,4.41
_00608_,4.39
_00742_,4.39
result00[0],4.39
result00[10],4.39
result00[1],4.39
result00[21],4.39
result02[13],4.39
result02[26],4.39
result02[9],4.39
result03[12],4.39
result10[22],4.39
result10[27],4.39
result10[28],4.39
result10[31],4.39
result11[18],4.39
result11[4],4.39
result12[26],4.39
result13[0],4.39
result13[4],4.39
result20[6],4.39
result21[21],4.39
result22[0],4.39
result22[17],4.39
result22[1],4.39
result23[20],4.39
result23[27],4.39
result23[6],4.39
result30[19],4.39
result31[13],4.39
result31[22],4.39
result31[30],4.39
result31[31],4.39
result32[9],4.39
result33[16],4.39
result33[20],4.39
result33[23],4.39
result33[25],4.39
_01495_,4.385
_01503_,4.385
_01637_,4.385
_01669_,4.385
_01679_,4.385
_01710_,4.385
_03468_,4.36
_04441_,4.36
_04973_,4.36
_05307_,4.36
_08589_,4.36
_08725_,4.36
_08287_,4.355
_00114_,4.34
_00149_,4.34
_00333_,4.34
_00486_,4.34
_00857_,4.34
_01219_,4.34
_01774_,4.34
_01893_,4.34
_02056_,4.34
_02067_,4.34
_02083_,4.34
_02374_,4.34
_02639_,4.34
_02877_,4.34
_02883_,4.34
_02902_,4.34
_03289_,4.34
_03459_,4.34
_04047_,4.34
_04109_,4.34
_04282_,4.34
_04320_,4.34
_04348_,4.34
_04603_,4.34
_05073_,4.34
_05236_,4.34
_05386_,4.34
_05491_,4.34
_05508_,4.34
_05633_,4.34
_05931_,4.34
_06068_,4.34
_06122_,4.34
_06154_,4.34
_06167_,4.34
_06341_,4.34
_06370_,4.34
_06697_,4.34
_06845_,4.34
_07093_,4.34
_07120_,4.34
_07165_,4.34
_07398_,4.34
_07409_,4.34
_07628_,4.34
_07780_,4.34
_07827_,4.34
_07839_,4.34
_08142_,4.34
_08316_,4.34
_08578_,4.34
_08673_,4.34
net605,4.34
net637,4.34
_05650_,4.33
_04444_,4.32
_05394_,4.32
buf_b.mem\[14\]\[5\],4.32
_00198_,4.305
_06029_,4.3
_00598_,4.27
_01398_,4.27
result12[7],4.27
result21[27],4.27
_01560_,4.265
_00447_,4.24
_01613_,4.24
_01694_,4.24
_03210_,4.24
_04839_,4.24
_00147_,4.22
_00207_,4.22
_00273_,4.22
_00323_,4.22
_00365_,4.22
_00763_,4.22
_00777_,4.22
_00834_,4.22
_00856_,4.22
_00889_,4.22
_00974_,4.22
_00980_,4.22
_00981_,4.22
_01211_,4.22
_01860_,4.22
_02058_,4.22
_03066_,4.22
_03413_,4.22
_04756_,4.22
_04931_,4.22
_05407_,4.22
_06853_,4.22
_07272_,4.22
_02357_,4.2
_02872_,4.19
_00820_,4.15
_00293_,4.145
_00455_,4.145
_00204_,4.14
_00491_,4.14
_01953_,4.14
_04359_,4.14
_04386_,4.14
_05178_,4.14
_07486_,4.14
a3_d1\[6\],4.14
net949,4.14
net1268,4.14
_01520_,4.125
_01521_,4.125
_00078_,4.12
_00107_,4.12
_00110_,4.12
_00120_,4.12
_00226_,4.12
_00250_,4.12
_00286_,4.12
_00402_,4.12
net654,4.12
net798,4.12
net860,4.12
net1146,4.12
_06205_,4.115
_00389_,4.1
_00932_,4.1
_01039_,4.1
_01413_,4.1
_01440_,4.1
_02481_,4.1
_03171_,4.1
_03542_,4.1
_03779_,4.1
_03838_,4.1
_06672_,4.1
_06803_,4.1
buf_a.mem\[3\]\[0\],4.1
buf_b.mem\[7\]\[6\],4.1
net551,4.1
_01721_,4.095
_08539_,4.095
_00181_,4.08
_00682_,4.08
_00745_,4.08
_01018_,4.08
_01037_,4.08
_01068_,4.08
_01198_,4.08
_01257_,4.08
_01433_,4.08
_02060_,4.08
_00659_,4.07
_00774_,4.07
_00876_,4.07
_00879_,4.07
_00917_,4.07
_00973_,4.07
_00987_,4.07
_01082_,4.07
_01129_,4.07
_01362_,4.07
_06095_,4.06
_00602_,4.05
_00662_,4.05
_01254_,4.05
_01453_,4.05
_00513_,4.045
_01723_,4.045
_01740_,4.045
_03963_,4.03
_00119_,4.02
_00352_,4.02
_00574_,4.02
_02755_,4.02
_02780_,4.02
_03854_,4.02
_05094_,4.02
_06406_,4.02
_06747_,4.02
_06797_,4.02
_06944_,4.02
_06974_,4.02
_07376_,4.02
_07546_,4.02
_07556_,4.02
_07889_,4.02
_07938_,4.02
_07943_,4.02
_07985_,4.02
_00162_,4
_00220_,4
_00225_,4
_00300_,4
_00360_,4
_00471_,4
_00492_,4
_01281_,4
_01477_,4
_01966_,4
_02347_,4
_02415_,4
_02935_,4
_03039_,4
_03146_,4
_03887_,4
_04251_,4
_04548_,4
_04599_,4
_04712_,4
_04732_,4
_05189_,4
_05484_,4
_05636_,4
_05928_,4
_06253_,4
_06427_,4
_06584_,4
_07258_,4
_07305_,4
_07401_,4
_07437_,4
_07498_,4
_07881_,4
_08496_,4
buf_b.mem\[8\]\[5\],4
net590,4
net639,4
net642,4
net645,4
net648,4
net649,4
net651,4
net963,4
net1288,4
_00923_,3.98
_01461_,3.98
_04171_,3.98
_07071_,3.98
buf_a.mem\[11\]\[6\],3.98
buf_a.mem\[13\]\[2\],3.98
buf_b.mem\[5\]\[3\],3.98
_06053_,3.97
_01489_,3.965
_01540_,3.965
_01717_,3.965
_01323_,3.93
_01422_,3.93
result01[15],3.93
result03[1],3.93
result10[1],3.93
result12[20],3.93
result21[25],3.93
result21[4],3.93
s_axis_b_data[5],3.93
s_axis_b_valid,3.93
_01650_,3.925
_01676_,3.925
_08534_,3.92
_00313_,3.9
_00367_,3.9
_00556_,3.9
_04115_,3.9
_04162_,3.9
_05935_,3.9
_06565_,3.9
_08467_,3.9
_00235_,3.88
_00327_,3.88
_00652_,3.88
_00959_,3.88
_01022_,3.88
_01909_,3.88
_02223_,3.88
_02349_,3.88
_02656_,3.88
_02832_,3.88
_03163_,3.88
_03206_,3.88
_03369_,3.88
_03526_,3.88
_03560_,3.88
_03788_,3.88
_03989_,3.88
_04017_,3.88
_04123_,3.88
_04687_,3.88
_04779_,3.88
_04809_,3.88
_04852_,3.88
_05020_,3.88
_05064_,3.88
_05112_,3.88
_05481_,3.88
_05844_,3.88
_05901_,3.88
_06099_,3.88
_06123_,3.88
_06207_,3.88
_06217_,3.88
_06277_,3.88
_07012_,3.88
_07359_,3.88
_07418_,3.88
_07819_,3.88
_07906_,3.88
_07908_,3.88
_07912_,3.88
_07934_,3.88
_08241_,3.88
_08323_,3.88
_08446_,3.88
_08490_,3.88
_08645_,3.88
_08682_,3.88
buf_b.mem\[6\]\[1\],3.88
net582,3.88
_03088_,3.86
_03494_,3.86
_03893_,3.86
_04750_,3.86
_05144_,3.86
_06744_,3.86
_07014_,3.86
_08649_,3.86
_00349_,3.845
_01690_,3.84
_02620_,3.84
_07284_,3.84
_00713_,3.83
_08083_,3.82
_00969_,3.81
_01439_,3.81
_01459_,3.81
_01601_,3.805
_01580_,3.8
_01621_,3.785
_00073_,3.78
_00221_,3.78
_00278_,3.78
_00413_,3.78
_01743_,3.78
_05084_,3.78
_07796_,3.78
_07860_,3.78
_08453_,3.78
_00212_,3.76
_00306_,3.76
_00426_,3.76
_00530_,3.76
_00604_,3.76
_00691_,3.76
_00914_,3.76
_00990_,3.76
_01052_,3.76
_01096_,3.76
_01244_,3.76
_01317_,3.76
_02527_,3.76
_02687_,3.76
_04769_,3.76
_04794_,3.76
_05022_,3.76
_00526_,3.735
_00697_,3.71
_01635_,3.705
_00765_,3.69
_00781_,3.69
_01072_,3.69
_01270_,3.69
_00178_,3.685
_00242_,3.685
_00257_,3.685
_02261_,3.68
_03561_,3.68
_05058_,3.68
_07226_,3.68
_08422_,3.68
_08574_,3.68
net559,3.68
net765,3.68
_00023_,3.66
_00068_,3.66
_00095_,3.66
_00141_,3.66
_00189_,3.66
_00190_,3.66
_00393_,3.66
_00505_,3.66
_00515_,3.66
_00684_,3.66
_00828_,3.66
_01061_,3.66
_01201_,3.66
_01647_,3.66
_02292_,3.66
_07540_,3.66
_08618_,3.66
net576,3.66
net603,3.66
_07067_,3.655
_00139_,3.64
_00240_,3.64
_00741_,3.64
_00921_,3.64
_01077_,3.64
_01200_,3.64
_01367_,3.64
_01417_,3.64
_04564_,3.64
_04684_,3.64
_05065_,3.64
_08248_,3.64
_08543_,3.64
buf_a.mem\[13\]\[3\],3.64
_01656_,3.635
_01568_,3.625
_01720_,3.625
_00771_,3.61
_00805_,3.61
_00830_,3.61
_00926_,3.61
_00965_,3.61
_01030_,3.61
_01192_,3.61
_01537_,3.605
_01624_,3.605
_08263_,3.6
_00700_,3.59
_00749_,3.59
_00986_,3.59
_01097_,3.59
_01435_,3.59
_07223_,3.59
_00963_,3.57
_00094_,3.56
_00136_,3.56
_00160_,3.56
_00197_,3.56
_00201_,3.56
_00295_,3.56
_00326_,3.56
_00330_,3.56
_00454_,3.56
_00464_,3.56
_00481_,3.56
_00537_,3.56
_00542_,3.56
_02692_,3.56
_03033_,3.56
_03331_,3.56
_03370_,3.56
_03582_,3.56
_04528_,3.56
_06517_,3.56
_06631_,3.56
_06706_,3.56
_07178_,3.56
_07743_,3.56
_08396_,3.56
_08634_,3.56
_00082_,3.54
_00090_,3.54
_00101_,3.54
_00267_,3.54
_00303_,3.54
_00371_,3.54
_00421_,3.54
_00446_,3.54
_00498_,3.54
_00499_,3.54
_00560_,3.54
_00743_,3.54
_00783_,3.54
_00863_,3.54
_00894_,3.54
_01965_,3.54
_02045_,3.54
_02081_,3.54
_02263_,3.54
_02271_,3.54
_02291_,3.54
_02298_,3.54
_02471_,3.54
_02487_,3.54
_02673_,3.54
_02702_,3.54
_03129_,3.54
_03244_,3.54
_03276_,3.54
_03421_,3.54
_03490_,3.54
_03607_,3.54
_03756_,3.54
_03833_,3.54
_04202_,3.54
_04365_,3.54
_04469_,3.54
_04763_,3.54
_05079_,3.54
_05091_,3.54
_05113_,3.54
_05122_,3.54
_05848_,3.54
_06245_,3.54
_06729_,3.54
_07739_,3.54
_07952_,3.54
_08336_,3.54
_08345_,3.54
_08687_,3.54
a2_d1\[7\],3.54
a3_d1\[7\],3.54
b2_d1\[3\],3.54
b3_d1\[5\],3.54
buf_a.mem\[10\]\[4\],3.54
buf_a.mem\[12\]\[6\],3.54
buf_a.row2\[7\],3.54
buf_b.mem\[0\]\[6\],3.54
buf_b.mem\[12\]\[5\],3.54
buf_b.mem\[7\]\[4\],3.54
buf_b.mem\[9\]\[2\],3.54
net611,3.54
net641,3.54
_00142_,3.52
_00983_,3.52
_03368_,3.52
_05010_,3.52
_05471_,3.52
_06311_,3.52
_06758_,3.52
_07040_,3.52
buf_a.mem\[4\]\[1\],3.52
buf_b.mem\[9\]\[0\],3.52
_02213_,3.51
_01615_,3.505
_01632_,3.505
_01709_,3.505
_00696_,3.49
_00736_,3.49
_04512_,3.49
_01476_,3.485
_01502_,3.485
_01423_,3.47
_01494_,3.465
_01572_,3.465
_01618_,3.465
_01684_,3.465
_03820_,3.465
_00089_,3.44
_00438_,3.44
_01509_,3.44
_01866_,3.44
_01971_,3.44
_02224_,3.44
_02632_,3.44
_03391_,3.44
_03952_,3.44
_04622_,3.44
_05441_,3.44
_06215_,3.44
_07004_,3.44
_07031_,3.44
_07870_,3.44
_08192_,3.44
_00161_,3.42
_00246_,3.42
_00351_,3.42
_00580_,3.42
_00630_,3.42
_00839_,3.42
_01105_,3.42
_01206_,3.42
_01225_,3.42
_01344_,3.42
_01837_,3.42
_01986_,3.42
_02725_,3.42
_03017_,3.42
_03229_,3.42
_03677_,3.42
_03923_,3.42
_04066_,3.42
_04301_,3.42
_04982_,3.42
_05049_,3.42
_05259_,3.42
_05519_,3.42
_05835_,3.42
_06105_,3.42
_06220_,3.42
_06255_,3.42
_06463_,3.42
_06992_,3.42
_07243_,3.42
_07373_,3.42
_07468_,3.42
_07552_,3.42
_07791_,3.42
_08296_,3.42
_08451_,3.42
_08530_,3.42
_08569_,3.42
_08745_,3.42
buf_a.mem\[9\]\[0\],3.42
buf_b.mem\[11\]\[0\],3.42
net656,3.42
net1093,3.42
net1175,3.42
_02395_,3.41
_01530_,3.405
_01542_,3.405
_01596_,3.405
_01681_,3.405
_01683_,3.405
_01702_,3.405
_01706_,3.405
_02496_,3.4
_03686_,3.4
_08165_,3.4
_08577_,3.4
_00310_,3.385
net627,3.385
net630,3.385
_00607_,3.37
_00683_,3.37
_00751_,3.37
_00668_,3.35
_00867_,3.35
_00869_,3.35
_01381_,3.35
_01556_,3.345
_01746_,3.345
_01646_,3.34
_01687_,3.34
_01698_,3.34
_01724_,3.34
_03073_,3.32
_03629_,3.32
net1026,3.32
_00091_,3.3
_00165_,3.3
_00170_,3.3
_00230_,3.3
_00401_,3.3
_00403_,3.3
_00408_,3.3
_00489_,3.3
_00723_,3.3
_00766_,3.3
_00786_,3.3
_00803_,3.3
_00810_,3.3
_00824_,3.3
_00908_,3.3
_00962_,3.3
_01012_,3.3
_01054_,3.3
_01057_,3.3
_01083_,3.3
_01133_,3.3
_01151_,3.3
_01157_,3.3
_01182_,3.3
_01267_,3.3
_01315_,3.3
_01319_,3.3
_01339_,3.3
_01386_,3.3
_01396_,3.3
_01405_,3.3
_02614_,3.3
_05118_,3.3
_05417_,3.3
_05751_,3.3
_08235_,3.3
buf_a.mem\[3\]\[2\],3.3
_01510_,3.245
_01543_,3.245
_01680_,3.245
_01689_,3.245
_00620_,3.23
_00789_,3.23
_01127_,3.23
_01434_,3.23
_01454_,3.23
_00184_,3.225
_00325_,3.225
_00336_,3.225
_01742_,3.225
net953,3.225
_00004_,3.22
_00016_,3.22
_00554_,3.22
_04665_,3.22
_04707_,3.22
_05391_,3.22
_06741_,3.22
buf_a.row3\[5\],3.22
net728,3.22
net1204,3.22
_00072_,3.2
_00168_,3.2
_00176_,3.2
_00244_,3.2
_00265_,3.2
_00276_,3.2
_00301_,3.2
_00329_,3.2
_00348_,3.2
_00350_,3.2
_00404_,3.2
_00474_,3.2
_00510_,3.2
_00512_,3.2
_00516_,3.2
_00518_,3.2
_00528_,3.2
_00555_,3.2
_00773_,3.2
_00850_,3.2
_00976_,3.2
_01735_,3.2
_01820_,3.2
_03519_,3.2
_05163_,3.2
_07422_,3.2
net615,3.2
net872,3.2
net1115,3.2
_03810_,3.19
_00282_,3.18
_00311_,3.18
_00674_,3.18
_00732_,3.18
_00886_,3.18
_00966_,3.18
_01040_,3.18
_01185_,3.18
_01458_,3.18
_03481_,3.18
_05025_,3.18
_05409_,3.18
_06553_,3.18
_07343_,3.18
_01561_,3.175
_01638_,3.175
_07218_,3.16
_00581_,3.15
_00896_,3.15
_01330_,3.15
_00956_,3.13
_01055_,3.13
_01194_,3.13
_01358_,3.13
_01359_,3.13
_05451_,3.12
_07525_,3.12
_00727_,3.11
_05039_,3.11
_00058_,3.1
_00102_,3.1
_00127_,3.1
_00322_,3.1
_00334_,3.1
_00376_,3.1
_00397_,3.1
_00487_,3.1
_00494_,3.1
_00532_,3.1
_00561_,3.1
_00566_,3.1
_00577_,3.1
_02308_,3.1
_02530_,3.1
_02648_,3.1
_02724_,3.1
_02813_,3.1
_03323_,3.1
_03906_,3.1
_03932_,3.1
_04222_,3.1
_04366_,3.1
_04478_,3.1
_04558_,3.1
_04744_,3.1
_05257_,3.1
_05430_,3.1
_05667_,3.1
_05827_,3.1
_05934_,3.1
_06059_,3.1
_06239_,3.1
_06432_,3.1
_06450_,3.1
_06497_,3.1
_06604_,3.1
_06743_,3.1
_06851_,3.1
_06939_,3.1
_07001_,3.1
_07041_,3.1
_07442_,3.1
_07484_,3.1
_07693_,3.1
_07806_,3.1
_08056_,3.1
_08283_,3.1
_08419_,3.1
_08700_,3.1
net911,3.1
_00077_,3.08
_00123_,3.08
_00275_,3.08
_00289_,3.08
_00359_,3.08
_00411_,3.08
_00432_,3.08
_00442_,3.08
_00992_,3.08
_01483_,3.08
_01604_,3.08
_02028_,3.08
_02745_,3.08
_02867_,3.08
_03141_,3.08
_03510_,3.08
_03518_,3.08
_03717_,3.08
_03835_,3.08
_03840_,3.08
_03847_,3.08
_03904_,3.08
_04281_,3.08
_04610_,3.08
_04648_,3.08
_04724_,3.08
_04837_,3.08
_04862_,3.08
_05154_,3.08
_05239_,3.08
_05414_,3.08
_05419_,3.08
_06264_,3.08
_06667_,3.08
_06940_,3.08
_06967_,3.08
_07081_,3.08
_07389_,3.08
_07536_,3.08
_07701_,3.08
_07964_,3.08
_08099_,3.08
_08417_,3.08
_08483_,3.08
_08596_,3.08
_08674_,3.08
a3_d2\[2\],3.08
a3_d2\[7\],3.08
buf_a.mem\[12\]\[4\],3.08
buf_a.mem\[7\]\[0\],3.08
buf_a.mem\[7\]\[7\],3.08
buf_a.mem\[8\]\[1\],3.08
buf_a.row1\[5\],3.08
buf_a.row2\[1\],3.08
buf_b.mem\[0\]\[5\],3.08
buf_b.mem\[14\]\[3\],3.08
buf_b.mem\[5\]\[1\],3.08
buf_b.mem\[6\]\[5\],3.08
buf_b.row3\[6\],3.08
net614,3.08
net652,3.08
net870,3.08
net959,3.08
net1017,3.08
_00661_,3.06
_01524_,3.06
_06204_,3.06
_03986_,3.05
_01660_,3.045
_01731_,3.045
_03124_,3.04
_03102_,3.02
_00653_,3.01
_00677_,3.01
_01552_,3.005
_01699_,3.005
_01695_,3
_01712_,3
_00219_,2.98
_01727_,2.98
_02008_,2.98
_02260_,2.98
_04206_,2.98
_04592_,2.98
_05255_,2.98
_05745_,2.98
_07174_,2.98
_07702_,2.98
_07775_,2.98
_08742_,2.98
_00841_,2.96
_00891_,2.96
_01103_,2.96
_01208_,2.96
_01369_,2.96
_01465_,2.96
_01818_,2.96
_01913_,2.96
_02019_,2.96
_02025_,2.96
_03060_,2.96
_03103_,2.96
_03197_,2.96
_03430_,2.96
_03438_,2.96
_03441_,2.96
_03470_,2.96
_03811_,2.96
_03862_,2.96
_03877_,2.96
_03974_,2.96
_04596_,2.96
_04630_,2.96
_04658_,2.96
_05014_,2.96
_05455_,2.96
_05523_,2.96
_05658_,2.96
_06057_,2.96
_06211_,2.96
_06322_,2.96
_06581_,2.96
_06738_,2.96
_06902_,2.96
_07144_,2.96
_07347_,2.96
_07417_,2.96
_07428_,2.96
_07580_,2.96
_07690_,2.96
_07778_,2.96
_07893_,2.96
_07919_,2.96
_08163_,2.96
_08221_,2.96
_08349_,2.96
buf_a.read_enable,2.96
buf_b.row2\[0\],2.96
_01473_,2.945
_01475_,2.945
_01534_,2.945
_01565_,2.945
_01633_,2.945
_01665_,2.945
_01704_,2.945
_01705_,2.945
_01744_,2.945
_04205_,2.9
_00617_,2.89
_00678_,2.89
_00709_,2.89
_00759_,2.89
_00788_,2.89
_00838_,2.89
_00928_,2.89
_00967_,2.89
_00971_,2.89
_01059_,2.89
_01087_,2.89
_01093_,2.89
_01113_,2.89
_01121_,2.89
_01169_,2.89
_01265_,2.89
_01285_,2.89
_01338_,2.89
_01407_,2.89
_01514_,2.885
_01528_,2.885
_01544_,2.885
_01577_,2.885
_01619_,2.885
_01642_,2.885
_01682_,2.885
_01719_,2.885
_05082_,2.86
_08629_,2.86
net571,2.86
net1005,2.86
net1049,2.86
net1051,2.86
net1052,2.86
net1075,2.86
net1203,2.86
_00042_,2.84
_00211_,2.84
_00347_,2.84
_00514_,2.84
_00582_,2.84
_00585_,2.84
_00649_,2.84
_00679_,2.84
_00690_,2.84
_00698_,2.84
_00702_,2.84
_00725_,2.84
_00767_,2.84
_00776_,2.84
_00782_,2.84
_00785_,2.84
_00787_,2.84
_00792_,2.84
_00796_,2.84
_00807_,2.84
_00816_,2.84
_00817_,2.84
_00821_,2.84
_00836_,2.84
_00837_,2.84
_00842_,2.84
_00855_,2.84
_00858_,2.84
_00878_,2.84
_00883_,2.84
_00884_,2.84
_00890_,2.84
_00893_,2.84
_00919_,2.84
_00922_,2.84
_00945_,2.84
_00953_,2.84
_00972_,2.84
_00982_,2.84
_00985_,2.84
_00991_,2.84
_00995_,2.84
_01000_,2.84
_01002_,2.84
_01005_,2.84
_01025_,2.84
_01031_,2.84
_01034_,2.84
_01045_,2.84
_01060_,2.84
_01065_,2.84
_01070_,2.84
_01071_,2.84
_01075_,2.84
_01079_,2.84
_01080_,2.84
_01085_,2.84
_01088_,2.84
_01095_,2.84
_01098_,2.84
_01111_,2.84
_01116_,2.84
_01128_,2.84
_01141_,2.84
_01155_,2.84
_01160_,2.84
_01161_,2.84
_01166_,2.84
_01175_,2.84
_01177_,2.84
_01196_,2.84
_01215_,2.84
_01246_,2.84
_01251_,2.84
_01255_,2.84
_01258_,2.84
_01268_,2.84
_01278_,2.84
_01301_,2.84
_01308_,2.84
_01334_,2.84
_01342_,2.84
_01345_,2.84
_01352_,2.84
_01363_,2.84
_01374_,2.84
_01391_,2.84
_01392_,2.84
_01403_,2.84
_01409_,2.84
_01443_,2.84
_01448_,2.84
_01450_,2.84
_01460_,2.84
_03410_,2.84
_03676_,2.84
_04242_,2.84
_05806_,2.84
_07338_,2.84
_07835_,2.84
_08444_,2.84
_01643_,2.835
_08180_,2.8
_01533_,2.785
_01545_,2.785
_01708_,2.785
_00633_,2.77
_00669_,2.77
_00681_,2.77
_00811_,2.77
_00900_,2.77
_01004_,2.77
_01210_,2.77
_01279_,2.77
_01412_,2.77
_00392_,2.765
_00234_,2.76
_00308_,2.76
_00363_,2.76
_00549_,2.76
_02284_,2.76
_02768_,2.76
_03077_,2.76
_03332_,2.76
_03574_,2.76
_03871_,2.76
_04112_,2.76
_06055_,2.76
_06494_,2.76
_06748_,2.76
_07138_,2.76
_07508_,2.76
_08285_,2.76
_08341_,2.76
buf_a.row3\[6\],2.76
net947,2.76
net1015,2.76
net1173,2.76
net1182,2.76
_00125_,2.74
_00163_,2.74
_00317_,2.74
_00343_,2.74
_00406_,2.74
_00469_,2.74
_00500_,2.74
_00548_,2.74
_00578_,2.74
_00686_,2.74
_00895_,2.74
_00929_,2.74
_01028_,2.74
_01042_,2.74
_01050_,2.74
_01220_,2.74
_01324_,2.74
_01382_,2.74
_01395_,2.74
_01606_,2.74
_01849_,2.74
_03057_,2.74
net635,2.74
net643,2.74
net657,2.74
net847,2.74
_00378_,2.72
_00798_,2.72
_00831_,2.72
_01047_,2.72
_04199_,2.72
_07602_,2.72
net574,2.72
_01490_,2.715
_01548_,2.715
_04072_,2.71
_04907_,2.71
_07659_,2.71
_00609_,2.69
_00638_,2.69
_00699_,2.69
_00718_,2.69
_00719_,2.69
_00726_,2.69
_00750_,2.69
_00797_,2.69
_01064_,2.69
_01100_,2.69
_01145_,2.69
_01462_,2.69
_01466_,2.69
_02743_,2.69
_00587_,2.67
_00720_,2.67
_00862_,2.67
_01003_,2.67
_01272_,2.67
_01437_,2.67
_00409_,2.665
_00462_,2.645
_00093_,2.64
_00096_,2.64
_00126_,2.64
_00132_,2.64
_00185_,2.64
_00217_,2.64
_00307_,2.64
_00353_,2.64
_00399_,2.64
_00509_,2.64
_00527_,2.64
_00546_,2.64
_02211_,2.64
_02645_,2.64
_02697_,2.64
_02739_,2.64
_02976_,2.64
_03564_,2.64
_03720_,2.64
_04272_,2.64
_04594_,2.64
_04639_,2.64
_04706_,2.64
_04721_,2.64
_04873_,2.64
_05213_,2.64
_05422_,2.64
_06297_,2.64
_06640_,2.64
_06950_,2.64
_06981_,2.64
_07766_,2.64
_07855_,2.64
_08025_,2.64
_08177_,2.64
_08602_,2.64
_08738_,2.64
_08746_,2.64
buf_b.mem\[5\]\[6\],2.64
_00069_,2.62
_00104_,2.62
_00117_,2.62
_00133_,2.62
_00193_,2.62
_00227_,2.62
_00237_,2.62
_00251_,2.62
_00285_,2.62
_00332_,2.62
_00362_,2.62
_00436_,2.62
_00440_,2.62
_00461_,2.62
_00475_,2.62
_00583_,2.62
_00667_,2.62
_00672_,2.62
_00739_,2.62
_00852_,2.62
_00912_,2.62
_00913_,2.62
_00970_,2.62
_01051_,2.62
_01110_,2.62
_01112_,2.62
_01148_,2.62
_01263_,2.62
_01325_,2.62
_01351_,2.62
_01421_,2.62
_01478_,2.62
_01739_,2.62
_01784_,2.62
_01838_,2.62
_01876_,2.62
_01978_,2.62
_02222_,2.62
_02621_,2.62
_02714_,2.62
_03031_,2.62
_03208_,2.62
_03292_,2.62
_03432_,2.62
_03527_,2.62
_03650_,2.62
_03655_,2.62
_03689_,2.62
_03763_,2.62
_04043_,2.62
_04084_,2.62
_04224_,2.62
_04257_,2.62
_04360_,2.62
_04580_,2.62
_04781_,2.62
_04876_,2.62
_05152_,2.62
_05450_,2.62
_05881_,2.62
_05887_,2.62
_05976_,2.62
_06037_,2.62
_06131_,2.62
_06193_,2.62
_06296_,2.62
_06302_,2.62
_06623_,2.62
_06650_,2.62
_06894_,2.62
_07458_,2.62
_08090_,2.62
_08170_,2.62
_08523_,2.62
_08613_,2.62
buf_a.mem\[0\]\[3\],2.62
buf_a.mem\[10\]\[1\],2.62
buf_a.mem\[5\]\[0\],2.62
buf_a.row2\[5\],2.62
buf_b.mem\[0\]\[7\],2.62
buf_b.mem\[14\]\[6\],2.62
buf_b.mem\[4\]\[4\],2.62
buf_b.mem\[8\]\[3\],2.62
buf_b.row2\[1\],2.62
net587,2.62
net748,2.62
net843,2.62
_01716_,2.595
_05513_,2.59
_05607_,2.59
_01590_,2.585
_01722_,2.585
_06278_,2.58
_06102_,2.57
_00897_,2.55
_01303_,2.55
_01353_,2.55
_03532_,2.55
_06691_,2.55
_01546_,2.545
_01550_,2.545
_01555_,2.545
_01574_,2.545
_01583_,2.545
_01602_,2.545
_01603_,2.545
_01626_,2.545
_01636_,2.545
_01644_,2.545
_01666_,2.545
_01677_,2.545
_07576_,2.53
_00177_,2.52
_00187_,2.52
_00297_,2.52
_00298_,2.52
_00396_,2.52
_00437_,2.52
_00539_,2.52
_00571_,2.52
_01815_,2.52
_01856_,2.52
_02015_,2.52
_02412_,2.52
_02705_,2.52
_03498_,2.52
_03603_,2.52
_03979_,2.52
_04376_,2.52
_04515_,2.52
_04696_,2.52
_04760_,2.52
_04910_,2.52
_05187_,2.52
_05565_,2.52
_05876_,2.52
_06340_,2.52
_06734_,2.52
_06777_,2.52
_07868_,2.52
_07930_,2.52
_08662_,2.52
_08748_,2.52
_00079_,2.5
_00080_,2.5
_00092_,2.5
_00218_,2.5
_00619_,2.5
_00663_,2.5
_00716_,2.5
_00724_,2.5
_00880_,2.5
_00940_,2.5
_01312_,2.5
_01812_,2.5
_01822_,2.5
_01836_,2.5
_01932_,2.5
_02002_,2.5
_02034_,2.5
_02054_,2.5
_02055_,2.5
_02895_,2.5
_03137_,2.5
_03167_,2.5
_03480_,2.5
_03584_,2.5
_03626_,2.5
_03671_,2.5
_03829_,2.5
_03908_,2.5
_04151_,2.5
_04266_,2.5
_04299_,2.5
_04352_,2.5
_05347_,2.5
_05406_,2.5
_05530_,2.5
_05558_,2.5
_05562_,2.5
_05737_,2.5
_05888_,2.5
_06244_,2.5
_06572_,2.5
_07009_,2.5
_07478_,2.5
_07729_,2.5
_07820_,2.5
_07904_,2.5
_08086_,2.5
_08340_,2.5
_08533_,2.5
_08555_,2.5
_08633_,2.5
_00118_,2.465
_00280_,2.465
_00335_,2.465
_00586_,2.43
_00623_,2.43
_00658_,2.43
_00840_,2.43
_00874_,2.43
_01214_,2.43
_01224_,2.43
_01238_,2.43
_01261_,2.43
_01321_,2.43
_01333_,2.43
_01410_,2.43
_02378_,2.4
_05360_,2.4
net958,2.4
_00138_,2.38
_00601_,2.38
_00621_,2.38
_00625_,2.38
_00636_,2.38
_00647_,2.38
_00680_,2.38
_00685_,2.38
_00717_,2.38
_00731_,2.38
_00733_,2.38
_00760_,2.38
_00761_,2.38
_00768_,2.38
_00769_,2.38
_00790_,2.38
_00801_,2.38
_00802_,2.38
_00814_,2.38
_00822_,2.38
_00823_,2.38
_00825_,2.38
_00843_,2.38
_00844_,2.38
_00848_,2.38
_00859_,2.38
_00861_,2.38
_00877_,2.38
_00902_,2.38
_00907_,2.38
_00920_,2.38
_00936_,2.38
_00941_,2.38
_00948_,2.38
_00952_,2.38
_00998_,2.38
_01007_,2.38
_01009_,2.38
_01010_,2.38
_01019_,2.38
_01074_,2.38
_01076_,2.38
_01091_,2.38
_01108_,2.38
_01119_,2.38
_01135_,2.38
_01149_,2.38
_01150_,2.38
_01153_,2.38
_01165_,2.38
_01167_,2.38
_01172_,2.38
_01174_,2.38
_01176_,2.38
_01178_,2.38
_01221_,2.38
_01230_,2.38
_01231_,2.38
_01233_,2.38
_01236_,2.38
_01240_,2.38
_01276_,2.38
_01282_,2.38
_01286_,2.38
_01287_,2.38
_01289_,2.38
_01290_,2.38
_01306_,2.38
_01309_,2.38
_01329_,2.38
_01331_,2.38
_01336_,2.38
_01337_,2.38
_01343_,2.38
_01350_,2.38
_01364_,2.38
_01370_,2.38
_01404_,2.38
_01406_,2.38
_01411_,2.38
_01415_,2.38
_01432_,2.38
_01444_,2.38
_01445_,2.38
_01446_,2.38
_01452_,2.38
_01467_,2.38
_02643_,2.38
_01570_,2.375
_01657_,2.375
_07092_,2.36
_01558_,2.325
_01579_,2.325
_01594_,2.325
_01595_,2.325
_00155_,2.3
_00171_,2.3
_00291_,2.3
_00490_,2.3
_02288_,2.3
_02343_,2.3
_02345_,2.3
_02353_,2.3
_02392_,2.3
_02465_,2.3
_02573_,2.3
_02650_,2.3
_02672_,2.3
_03013_,2.3
_03046_,2.3
_03121_,2.3
_03164_,2.3
_03258_,2.3
_03436_,2.3
_03443_,2.3
_03457_,2.3
_03802_,2.3
_03873_,2.3
_04195_,2.3
_04235_,2.3
_04521_,2.3
_04621_,2.3
_04632_,2.3
_04727_,2.3
_04989_,2.3
_05012_,2.3
_05027_,2.3
_05313_,2.3
_05413_,2.3
_05542_,2.3
_05710_,2.3
_05814_,2.3
_05843_,2.3
_05917_,2.3
_05957_,2.3
_06111_,2.3
_06184_,2.3
_06222_,2.3
_06610_,2.3
_06751_,2.3
_06903_,2.3
_06937_,2.3
_06976_,2.3
_07036_,2.3
_07045_,2.3
_07300_,2.3
_07371_,2.3
_07396_,2.3
_07433_,2.3
_07736_,2.3
_07773_,2.3
_07802_,2.3
_07846_,2.3
_08043_,2.3
_08172_,2.3
_08567_,2.3
_08640_,2.3
a2_d1\[5\],2.3
a2_d1\[6\],2.3
buf_b.row1\[5\],2.3
net578,2.3
net976,2.3
_00070_,2.28
_00148_,2.28
_00159_,2.28
_00180_,2.28
_00203_,2.28
_00248_,2.28
_00262_,2.28
_00321_,2.28
_00340_,2.28
_00420_,2.28
_00484_,2.28
_00493_,2.28
_00521_,2.28
_00534_,2.28
_00550_,2.28
_00593_,2.28
_00784_,2.28
_00903_,2.28
_01084_,2.28
_01120_,2.28
_01126_,2.28
_01146_,2.28
_01228_,2.28
_01262_,2.28
_01291_,2.28
_01320_,2.28
_01387_,2.28
_01610_,2.28
_01611_,2.28
_01868_,2.28
_01993_,2.28
_02661_,2.28
_03083_,2.28
_05052_,2.28
_07937_,2.28
_08644_,2.28
net606,2.28
net667,2.28
net670,2.28
_01471_,2.255
_01617_,2.255
_01664_,2.255
_05911_,2.255
_00590_,2.23
_00610_,2.23
_00611_,2.23
_00612_,2.23
_00618_,2.23
_00654_,2.23
_00657_,2.23
_00693_,2.23
_00694_,2.23
_00708_,2.23
_00712_,2.23
_00715_,2.23
_00737_,2.23
_00740_,2.23
_01117_,2.23
_01186_,2.23
_01188_,2.23
_01414_,2.23
_01463_,2.23
_00692_,2.21
_00868_,2.21
_00996_,2.21
_01209_,2.21
_01383_,2.21
_01468_,2.21
_07879_,2.21
_00457_,2.205
_00085_,2.18
_00097_,2.18
_00108_,2.18
_00121_,2.18
_00124_,2.18
_00128_,2.18
_00156_,2.18
_00167_,2.18
_00183_,2.18
_00186_,2.18
_00206_,2.18
_00222_,2.18
_00266_,2.18
_00268_,2.18
_00284_,2.18
_00287_,2.18
_00288_,2.18
_00292_,2.18
_00391_,2.18
_00405_,2.18
_00431_,2.18
_00441_,2.18
_00463_,2.18
_00476_,2.18
_00503_,2.18
_00543_,2.18
_00573_,2.18
_00576_,2.18
_02762_,2.18
_02982_,2.18
_03120_,2.18
_03534_,2.18
_03766_,2.18
_03929_,2.18
_04568_,2.18
_04646_,2.18
_05101_,2.18
_05120_,2.18
_05350_,2.18
_05588_,2.18
_05895_,2.18
_05989_,2.18
_06034_,2.18
_06152_,2.18
_06334_,2.18
_06755_,2.18
_07028_,2.18
_07197_,2.18
_07541_,2.18
_07896_,2.18
_07940_,2.18
_07951_,2.18
_08303_,2.18
net592,2.18
_00075_,2.16
_00130_,2.16
_00150_,2.16
_00259_,2.16
_00264_,2.16
_00304_,2.16
_00341_,2.16
_00385_,2.16
_00400_,2.16
_00564_,2.16
_00565_,2.16
_00568_,2.16
_00603_,2.16
_00655_,2.16
_00813_,2.16
_00845_,2.16
_00864_,2.16
_00915_,2.16
_01099_,2.16
_01134_,2.16
_01205_,2.16
_01284_,2.16
_01304_,2.16
_01322_,2.16
_01327_,2.16
_01368_,2.16
_01373_,2.16
_01464_,2.16
_01732_,2.16
_01861_,2.16
_01947_,2.16
_02640_,2.16
_02733_,2.16
_02784_,2.16
_02789_,2.16
_02861_,2.16
_02926_,2.16
_02972_,2.16
_03114_,2.16
_03135_,2.16
_03450_,2.16
_03517_,2.16
_03581_,2.16
_03830_,2.16
_04347_,2.16
_04678_,2.16
_04692_,2.16
_04700_,2.16
_04903_,2.16
_04975_,2.16
_05069_,2.16
_05300_,2.16
_05863_,2.16
_05896_,2.16
_06212_,2.16
_06595_,2.16
_06612_,2.16
_06712_,2.16
_06756_,2.16
_06768_,2.16
_06988_,2.16
_07288_,2.16
_07406_,2.16
_07650_,2.16
_08059_,2.16
_08195_,2.16
_08232_,2.16
_08696_,2.16
buf_a.mem\[0\]\[1\],2.16
buf_a.mem\[11\]\[4\],2.16
buf_a.mem\[13\]\[5\],2.16
buf_a.mem\[4\]\[3\],2.16
buf_b.mem\[0\]\[0\],2.16
buf_b.mem\[13\]\[6\],2.16
buf_b.mem\[4\]\[2\],2.16
net588,2.16
net608,2.16
net646,2.16
net653,2.16
net1110,2.16
_01488_,2.125
_01567_,2.125
_01505_,2.085
_01551_,2.085
_01623_,2.085
_01631_,2.085
_01640_,2.085
_01539_,2.06
_01915_,2.06
_01980_,2.06
_02010_,2.06
_02994_,2.06
_03723_,2.06
_03793_,2.06
_05940_,2.06
_06182_,2.06
_06380_,2.06
_06962_,2.06
_07877_,2.06
_08158_,2.06
a3_d1\[0\],2.06
_00084_,2.04
_00645_,2.04
_00722_,2.04
_00734_,2.04
_00793_,2.04
_00847_,2.04
_00899_,2.04
_00904_,2.04
_00916_,2.04
_00930_,2.04
_00961_,2.04
_01006_,2.04
_01014_,2.04
_01016_,2.04
_01021_,2.04
_01035_,2.04
_01163_,2.04
_01164_,2.04
_01293_,2.04
_01316_,2.04
_01340_,2.04
_01399_,2.04
_01408_,2.04
_01441_,2.04
_01451_,2.04
_01457_,2.04
_01928_,2.04
_02539_,2.04
_02730_,2.04
_03326_,2.04
_03366_,2.04
_03396_,2.04
_03474_,2.04
_03476_,2.04
_03523_,2.04
_03573_,2.04
_03807_,2.04
_04261_,2.04
_04654_,2.04
_04663_,2.04
_04669_,2.04
_04725_,2.04
_04842_,2.04
_04943_,2.04
_04980_,2.04
_05133_,2.04
_05904_,2.04
_06236_,2.04
_06602_,2.04
_07127_,2.04
_07378_,2.04
_07475_,2.04
_07813_,2.04
_07977_,2.04
_08305_,2.04
_08361_,2.04
_08438_,2.04
_08571_,2.04
_08671_,2.04
net668,2.04
net619,2.005
_01803_,1.94
_02365_,1.94
_02617_,1.94
_07548_,1.94
_08274_,1.94
_01527_,1.92
_01549_,1.92
_03016_,1.92
_01675_,1.915
_01497_,1.865
_01499_,1.865
_01501_,1.865
_01507_,1.865
_01513_,1.865
_01532_,1.865
_01562_,1.865
_01585_,1.865
_01587_,1.865
_01599_,1.865
_01612_,1.865
_01634_,1.865
_01672_,1.865
_01674_,1.865
_01741_,1.865
_00100_,1.845
_00076_,1.84
_00113_,1.84
_00315_,1.84
_00379_,1.84
_00435_,1.84
_00453_,1.84
_00467_,1.84
_00517_,1.84
_02225_,1.84
_02404_,1.84
_02612_,1.84
_03170_,1.84
_03556_,1.84
_04625_,1.84
_05140_,1.84
_05555_,1.84
_06540_,1.84
_06685_,1.84
_07047_,1.84
_08484_,1.84
_08638_,1.84
_08720_,1.84
_08737_,1.84
a3_d1\[2\],1.84
buf_b.row1\[3\],1.84
net586,1.84
net601,1.84
net612,1.84
net613,1.84
net623,1.84
net631,1.84
net660,1.84
net889,1.84
_00200_,1.82
_00231_,1.82
_00274_,1.82
_00312_,1.82
_00356_,1.82
_00383_,1.82
_00422_,1.82
_00451_,1.82
_00456_,1.82
_00478_,1.82
_00483_,1.82
_00488_,1.82
_00511_,1.82
_00520_,1.82
_00552_,1.82
_00613_,1.82
_00628_,1.82
_00637_,1.82
_00642_,1.82
_00675_,1.82
_00687_,1.82
_00703_,1.82
_00738_,1.82
_00747_,1.82
_00753_,1.82
_00755_,1.82
_00756_,1.82
_00772_,1.82
_00775_,1.82
_00778_,1.82
_00794_,1.82
_00806_,1.82
_00815_,1.82
_00826_,1.82
_00827_,1.82
_00851_,1.82
_00854_,1.82
_00885_,1.82
_00888_,1.82
_00905_,1.82
_00918_,1.82
_00924_,1.82
_00927_,1.82
_00931_,1.82
_00934_,1.82
_00937_,1.82
_00946_,1.82
_00977_,1.82
_00994_,1.82
_01008_,1.82
_01024_,1.82
_01027_,1.82
_01029_,1.82
_01033_,1.82
_01041_,1.82
_01066_,1.82
_01069_,1.82
_01081_,1.82
_01086_,1.82
_01089_,1.82
_01092_,1.82
_01115_,1.82
_01118_,1.82
_01122_,1.82
_01124_,1.82
_01132_,1.82
_01144_,1.82
_01147_,1.82
_01154_,1.82
_01184_,1.82
_01191_,1.82
_01195_,1.82
_01202_,1.82
_01207_,1.82
_01227_,1.82
_01237_,1.82
_01241_,1.82
_01247_,1.82
_01256_,1.82
_01260_,1.82
_01273_,1.82
_01277_,1.82
_01280_,1.82
_01283_,1.82
_01297_,1.82
_01299_,1.82
_01307_,1.82
_01313_,1.82
_01318_,1.82
_01328_,1.82
_01347_,1.82
_01357_,1.82
_01360_,1.82
_01372_,1.82
_01377_,1.82
_01385_,1.82
_01393_,1.82
_01402_,1.82
_01416_,1.82
_01425_,1.82
_01427_,1.82
_01438_,1.82
_01442_,1.82
_01447_,1.82
_01449_,1.82
_01455_,1.82
_01609_,1.82
_04290_,1.82
_05985_,1.82
_06891_,1.82
_07025_,1.82
_08247_,1.82
_08724_,1.82
net1192,1.82
_08653_,1.755
_00629_,1.75
_00925_,1.75
_00950_,1.75
_01125_,1.75
_01180_,1.75
_00460_,1.745
_00529_,1.745
_08265_,1.73
_02297_,1.72
_02460_,1.72
_02788_,1.72
_03180_,1.72
_03373_,1.72
_03675_,1.72
_04111_,1.72
_04188_,1.72
_04233_,1.72
_04302_,1.72
_04308_,1.72
_04318_,1.72
_04715_,1.72
_04770_,1.72
_05312_,1.72
_05774_,1.72
_05867_,1.72
_06305_,1.72
_06403_,1.72
_06452_,1.72
_06615_,1.72
_06628_,1.72
_07404_,1.72
_07495_,1.72
_07599_,1.72
_07689_,1.72
_08045_,1.72
_08098_,1.72
_08126_,1.72
_08301_,1.72
_08393_,1.72
_08621_,1.72
_08690_,1.72
a2_d1\[4\],1.72
buf_b.mem\[4\]\[1\],1.72
buf_b.mem\[8\]\[4\],1.72
_00241_,1.7
_00299_,1.7
_00600_,1.7
_00644_,1.7
_00648_,1.7
_00818_,1.7
_00870_,1.7
_00949_,1.7
_01053_,1.7
_01102_,1.7
_01130_,1.7
_01137_,1.7
_01171_,1.7
_01183_,1.7
_01187_,1.7
_01213_,1.7
_01294_,1.7
_01335_,1.7
_01346_,1.7
_01348_,1.7
_01365_,1.7
_01456_,1.7
_02892_,1.7
_03079_,1.7
_03106_,1.7
_03716_,1.7
_03863_,1.7
_04124_,1.7
_04315_,1.7
_04555_,1.7
_05107_,1.7
_05145_,1.7
_05564_,1.7
_05808_,1.7
_05811_,1.7
_05852_,1.7
_05914_,1.7
_06617_,1.7
_06648_,1.7
_07061_,1.7
_07291_,1.7
_07337_,1.7
_07434_,1.7
_07514_,1.7
_07798_,1.7
_08607_,1.7
a3_d1\[1\],1.7
b3_d1\[7\],1.7
buf_a.mem\[0\]\[5\],1.7
buf_a.mem\[11\]\[2\],1.7
buf_a.mem\[12\]\[3\],1.7
buf_a.mem\[12\]\[5\],1.7
buf_a.mem\[12\]\[7\],1.7
buf_a.mem\[13\]\[0\],1.7
buf_a.mem\[13\]\[7\],1.7
buf_a.mem\[15\]\[7\],1.7
buf_a.mem\[5\]\[6\],1.7
buf_a.row3\[0\],1.7
buf_b.mem\[11\]\[3\],1.7
buf_b.mem\[15\]\[4\],1.7
buf_b.row1\[4\],1.7
net634,1.7
net848,1.7
_06587_,1.68
_01776_,1.6
_01814_,1.6
_01819_,1.6
_01874_,1.6
_01920_,1.6
_01921_,1.6
_01943_,1.6
_01946_,1.6
_01972_,1.6
_01991_,1.6
_02001_,1.6
_02049_,1.6
_02073_,1.6
_07510_,1.6
buf_b.mem\[9\]\[3\],1.6
_01582_,1.575
_01659_,1.575
_00468_,1.545
net618,1.545
_02282_,1.48
_02390_,1.48
net882,1.48
_01491_,1.46
_01496_,1.46
_06984_,1.46
_01578_,1.405
_01586_,1.405
_01745_,1.405
_01782_,1.38
_02610_,1.38
_02681_,1.38
_02683_,1.38
_02969_,1.38
_03006_,1.38
_03126_,1.38
_03185_,1.38
_03403_,1.38
_03578_,1.38
_03800_,1.38
_03935_,1.38
_03973_,1.38
_04158_,1.38
_04213_,1.38
_04228_,1.38
_04340_,1.38
_04370_,1.38
_04447_,1.38
_04765_,1.38
_04950_,1.38
_04987_,1.38
_05384_,1.38
_05424_,1.38
_05744_,1.38
_05781_,1.38
_05788_,1.38
_05821_,1.38
_05955_,1.38
_06145_,1.38
_06633_,1.38
_07007_,1.38
_07089_,1.38
_07109_,1.38
_07148_,1.38
_07153_,1.38
_07334_,1.38
_07411_,1.38
_07535_,1.38
_07947_,1.38
_08133_,1.38
_08203_,1.38
_08600_,1.38
_08712_,1.38
b2_d1\[0\],1.38
b2_d1\[4\],1.38
net1257,1.38
_00087_,1.36
_00247_,1.36
_00375_,1.36
_00439_,1.36
_00584_,1.36
_00588_,1.36
_00592_,1.36
_00595_,1.36
_00597_,1.36
_00614_,1.36
_00632_,1.36
_00643_,1.36
_00664_,1.36
_00688_,1.36
_00701_,1.36
_00706_,1.36
_00730_,1.36
_00748_,1.36
_00752_,1.36
_00764_,1.36
_00795_,1.36
_00812_,1.36
_00819_,1.36
_00832_,1.36
_00835_,1.36
_00865_,1.36
_00875_,1.36
_00882_,1.36
_00901_,1.36
_00909_,1.36
_00910_,1.36
_00935_,1.36
_00938_,1.36
_00939_,1.36
_00943_,1.36
_00947_,1.36
_00951_,1.36
_00954_,1.36
_00955_,1.36
_00958_,1.36
_00968_,1.36
_00978_,1.36
_00979_,1.36
_00993_,1.36
_00997_,1.36
_01013_,1.36
_01026_,1.36
_01038_,1.36
_01043_,1.36
_01044_,1.36
_01056_,1.36
_01062_,1.36
_01090_,1.36
_01094_,1.36
_01104_,1.36
_01106_,1.36
_01109_,1.36
_01123_,1.36
_01136_,1.36
_01138_,1.36
_01162_,1.36
_01173_,1.36
_01179_,1.36
_01197_,1.36
_01199_,1.36
_01212_,1.36
_01216_,1.36
_01217_,1.36
_01222_,1.36
_01223_,1.36
_01226_,1.36
_01232_,1.36
_01234_,1.36
_01235_,1.36
_01239_,1.36
_01248_,1.36
_01249_,1.36
_01259_,1.36
_01266_,1.36
_01275_,1.36
_01292_,1.36
_01295_,1.36
_01305_,1.36
_01310_,1.36
_01311_,1.36
_01326_,1.36
_01341_,1.36
_01349_,1.36
_01354_,1.36
_01394_,1.36
_01400_,1.36
_01401_,1.36
_01419_,1.36
_01436_,1.36
_01482_,1.36
_01887_,1.36
_05858_,1.36
_05908_,1.29
_02196_,1.26
_02257_,1.26
_03010_,1.26
_06543_,1.26
_06644_,1.26
buf_a.mem\[0\]\[4\],1.26
buf_b.mem\[5\]\[2\],1.26
buf_b.mem\[5\]\[4\],1.26
_02088_,1.2
_01764_,1.14
_01766_,1.14
_01808_,1.14
_01813_,1.14
_01834_,1.14
_01841_,1.14
_01846_,1.14
_01865_,1.14
_01870_,1.14
_01879_,1.14
_01892_,1.14
_01931_,1.14
_01955_,1.14
_01956_,1.14
_01960_,1.14
_01961_,1.14
_01985_,1.14
_01988_,1.14
_02004_,1.14
_02038_,1.14
_02039_,1.14
_02044_,1.14
_02063_,1.14
_02097_,1.14
_07448_,1.14
_07784_,1.14
buf_a.mem\[15\]\[5\],1.14
buf_a.mem\[9\]\[4\],1.14
buf_b.mem\[0\]\[4\],1.14
buf_b.mem\[13\]\[1\],1.14
_02718_,0.92
_02756_,0.92
_04330_,0.92
_05492_,0.92
_05575_,0.92
_07082_,0.92
_08278_,0.92
_08334_,0.92
_08350_,0.92
_08731_,0.92
a3_d2\[4\],0.92
buf_a.row1\[7\],0.92
buf_a.row2\[2\],0.92
buf_b.row3\[0\],0.92
net1223,0.92
_02276_,0.8
_02418_,0.8
_03454_,0.8
_05461_,0.8
_07051_,0.8
_07824_,0.8
buf_a.mem\[11\]\[1\],0.8
buf_a.mem\[13\]\[4\],0.8
buf_a.mem\[13\]\[6\],0.8
buf_a.mem\[14\]\[6\],0.8
buf_a.mem\[14\]\[7\],0.8
buf_a.mem\[4\]\[2\],0.8
buf_a.mem\[8\]\[5\],0.8
buf_b.mem\[11\]\[1\],0.8
buf_b.mem\[12\]\[4\],0.8
buf_b.mem\[12\]\[6\],0.8
buf_b.mem\[14\]\[4\],0.8
buf_b.mem\[5\]\[5\],0.8
buf_b.mem\[6\]\[2\],0.8
buf_b.mem\[6\]\[4\],0.8
_02664_,0.46
_02666_,0.46
_03549_,0.46
_06314_,0.46
_07505_,0.46
_08184_,0.46
_08226_,0.46
b2_d1\[2\],0.46
buf_a.row1\[2\],0.46
buf_b.row2\[3\],0.46
buf_b.row2\[5\],0.46
net1264,0.46
